"Total.Refunds","Total.Extra.Data.Charges","Total.Long.Distance.Charges","Customer.Status"
0,0,381.51,0
38.33,10,96.21,0
0,0,22.14,1
0,0,93.25,0
0,0,1935.46,0
0,0,0,0
0,0,480.15,1
0,0,1571.5,0
0,0,566.28,1
0,0,49.72,1
0,20,1927.2,0
0,0,1063.8,0
21.25,0,980.2,0
0,0,2429.42,0
0,0,2888.82,0
30.53,0,1549.04,0
0,0,1317.52,0
0,0,279.4,0
0,0,967.01,0
44.42,0,592.25,0
44.9,0,161.25,0
0,0,2329.92,0
0,0,336.56,0
0,0,950.82,0
0,0,1507.6,1
0,120,127.49,1
0,0,79.2,0
0,0,557.82,0
6.11,0,2764.3,0
0,0,456.57,0
10.23,0,1065.46,0
0,0,411.36,0
0,0,2657.88,0
0,0,31.77,1
0,0,1937.95,1
0,0,0,0
0,0,1639.77,0
0,0,496,0
0,120,761.46,1
0,0,877.24,0
0,0,0,0
0,0,688.8,1
0,0,0,0
0,0,2391.84,0
36.02,40,3219.48,0
17.91,0,339.68,0
0,0,172.56,1
0,0,1270.29,0
0,0,346.84,0
0,0,785.85,0
0,0,39.81,1
0,0,3482.64,0
0,0,148.96,0
0,0,653.2,0
0,0,829.95,0
0,0,51.23,0
0,0,109.12,0
0,0,1259.82,0
0,0,0,0
0,0,1158.3,0
0,100,20.2,1
0,0,172.26,1
0,40,2685.48,0
0,0,689.7,0
0,0,1119.18,0
0,0,615.6,0
0,0,335.85,1
0,0,0,0
1.01,0,0,0
16.99,0,2012.14,0
0,0,294.3,0
0,0,115.08,1
0,0,28.28,1
0,0,78.6,0
0,0,145.6,0
0,0,0,0
0,0,22.96,0
0,0,0,0
0,0,44.56,1
0,0,0,0
0,0,33.34,1
0,0,733.95,1
0,0,1728.5,0
0,100,1990.42,0
0,0,2160,0
0,0,172.19,0
0,0,429.12,0
0,0,3017.52,0
0,0,2149.68,0
0,0,3142.3,0
0,0,1064.96,0
0,0,189.54,1
0,0,80.86,1
0,0,319.41,1
0,0,2224.5,0
0,0,2203.13,0
0,0,1514.88,1
0,0,436.32,0
0,0,1147.68,0
25.24,0,2042.64,0
0,0,12.48,0
0,110,0,0
0,0,171.3,1
0,0,2172.17,1
0,0,2416.68,0
0,0,0,0
0,0,977.13,0
0,0,233.82,0
0,0,5.59,1
0,0,69.8,0
0,60,794.01,0
27.01,0,0,0
0,0,105.05,0
0,100,0,0
0,0,155.45,1
0,0,664.16,0
0,0,433.1,0
0,0,0,0
0,0,1637.26,0
0,0,234.96,0
0,0,43.67,1
0,0,138.18,0
0,0,2309.21,0
0,0,50.98,1
0,0,11.35,1
0,80,155.92,1
0,0,674.31,0
0,0,17.37,1
0,0,1153.2,0
0,0,85.4,1
44.53,150,1945.9,0
0,0,0,0
0,130,427.63,1
0,0,15.6,1
0,0,92,0
0,0,41.1,0
0,100,203.58,1
0,0,782.92,0
0,0,1486.45,1
0,0,142.45,0
0,130,0,0
0,0,887.76,1
0,0,886.08,1
0,0,717.81,0
0,0,434.01,0
0,0,0,0
0,0,1524.9,0
0,0,0,1
16.56,0,1487.88,0
0,0,936.76,0
0,0,304.47,1
0,0,998.76,1
0,0,3031.75,0
0,0,1190,0
0,0,44.2,0
0,0,1274.43,0
0,0,0,0
0,0,252,0
0,0,19.58,1
0,0,85.4,0
0,0,1460.88,0
8.13,0,636.02,1
0,0,3169.77,0
0,0,889.48,1
0,0,1480.32,0
0,0,2013.84,0
8.74,0,43.8,1
0,0,1808.46,1
0,0,2113.2,1
0,0,2201.1,0
11.37,0,372.93,0
0,0,675.4,0
0,0,26.53,1
0,0,0,1
0,0,391.17,0
0,0,2488.86,0
0,0,519.45,0
0,130,2433.72,0
0,0,63.99,0
0,0,15.51,1
0,0,89.5,0
0,0,1070.96,0
0,0,176.25,0
0,0,512.68,1
0,0,1793.05,0
1.31,0,583.57,0
0,20,379.62,0
0,0,252.56,0
0,0,1586.88,0
0,0,616.32,0
0,0,2828.1,0
0,100,0,0
0,0,847.35,0
0,0,892.63,1
0,30,303,0
0,0,1020.24,0
0,0,1397.8,0
0,0,1409.88,0
0,0,2112.59,1
0,0,64.48,0
0,0,202.92,0
49.76,0,3427.2,0
0,0,1535.4,0
0,0,496.64,0
0,0,1689.61,0
0,0,2372.5,0
0,0,2698.3,1
0,0,367.99,0
0,0,477.25,0
0,0,599.34,0
0,0,33.88,1
0,20,33.3,1
0,0,788.64,0
0,0,457.38,1
0,0,819.7,0
0,0,10.19,1
0,0,1660.8,0
0,10,42.87,1
0,0,216.44,0
0,0,441.36,0
0,0,18.05,1
0,0,26,1
0,0,1394.4,1
0,0,0,0
0,0,144.6,1
0,0,0,0
0,0,695.7,1
0,0,1866.9,0
0,0,2119.92,0
0,0,2359.5,0
0,90,2355.1,1
0,0,2745.12,0
0,0,3182.4,0
0,0,1185.24,0
0,0,765.72,0
0,0,97.44,0
49.02,0,532.87,0
0,0,2753.26,0
0,0,809.46,0
0,0,1448.84,0
0,0,1572.48,0
0,0,172.98,1
0,0,774.2,0
0,0,2027.22,1
0,0,110.88,0
0,0,0,0
0,0,200.25,1
2.28,0,293.13,0
9.35,0,2265.96,0
0,0,1023,0
0,0,445.28,0
0,0,88.22,1
0,0,603.93,0
0,0,142.68,0
0,0,1058.16,0
0,0,1641.22,0
0,0,701.25,0
41.74,0,1568.8,0
13.01,10,302.32,1
0,0,2213.12,0
0,0,3011.96,1
0,0,0,1
0,0,2059.98,0
0,0,324.84,0
0,0,2499.83,0
0,0,488.52,0
0,0,1389.13,1
0,0,1791.9,0
0,0,0,1
0,0,0,1
0,20,934.92,1
0,0,156.16,0
0,0,1332.45,0
0,0,0,0
0,0,2736.72,0
0,0,344.4,1
0,30,176.8,0
0,0,2734.56,0
0,0,435.6,1
27.38,0,81.65,1
0,0,949.6,0
0,0,303.84,1
0,0,2512.5,1
0,0,410.4,0
0,0,135.18,0
0,0,895.65,1
0,0,2607.1,0
0,0,64.75,1
0,0,291.74,0
0,100,2146.56,0
0,100,168.96,0
0,20,0,1
0,0,2516.4,0
0,0,0,0
0,0,1176.47,0
0,0,1393.28,0
0,0,2683.17,0
0,0,2077.92,0
0,0,684.76,0
0,100,1591.5,0
0,0,12.04,1
0,0,19.72,1
0,0,877.24,0
0,0,460.2,1
0,0,109.02,1
18.55,0,2152.86,1
0,0,669.2,0
0,0,27.64,1
0,0,400.82,0
5.15,0,667.34,0
0,0,3308.9,0
0,0,186.16,0
0,0,1539.52,0
33.25,0,158.04,1
0,0,434.88,1
0,0,104.92,1
0,100,2181.08,0
0,0,0,0
0,100,2055.9,1
0,0,3405.15,0
0,0,172.62,1
0,100,1115.41,0
0,0,1249.8,0
0,0,293.8,0
0,60,215.76,1
0,0,2077.92,0
0,0,33.41,1
0,0,915.45,0
0,0,0,0
0,0,821.52,0
0,0,1775.36,0
0,0,0,0
0,0,330.33,0
0,0,98.28,0
0,0,0,0
0,0,3007.62,0
0,0,148.2,1
0,0,0,0
0,0,96.33,0
0,0,438.39,1
0,0,2001.36,0
0,0,2298.96,0
0,0,235.62,0
0,0,1955.52,0
0,0,253.47,0
0,0,1872.72,0
41.33,0,1205.29,0
0,0,78.12,1
0,0,1111.76,0
0,10,0,0
0,0,49.6,1
0,0,1446.5,0
0,0,55.02,0
0,0,1158.57,1
0,0,507.79,0
0,0,0,1
0,0,92.61,0
0,30,0,1
0,0,2800.24,0
0,0,306,0
0,0,610.4,0
0,0,1657.14,0
0,0,2976.32,0
0,0,2399.76,0
0,0,1728.66,0
0,0,176.19,0
0,0,0,1
0,0,1854.72,0
0,0,1517.76,0
0,0,0,0
0,0,458.1,0
0,0,442.8,0
0,0,548.99,0
0,0,274.02,0
0,0,1094.12,0
0,0,228.45,0
33.43,0,732,1
0,0,304.64,0
0,0,1202.24,0
22.96,10,121.6,1
0,0,397.15,1
0,0,1209.5,0
0,0,168.5,1
0,0,217.55,1
0,0,2347.38,1
0,0,2080.4,0
0,0,56.04,1
0,0,2550.06,0
0,0,1237.14,1
0,0,5.55,1
11.45,0,1914.84,1
0,130,1067.2,0
0,0,341.88,1
0,0,1339.56,0
0,0,1140.7,0
0,0,2127.44,0
0,0,1624.95,0
0,0,2571.12,0
0,0,3234,0
0,0,0,0
17.17,0,2652.28,0
0,0,434.16,1
0,10,151.06,1
0,0,0,0
24.99,0,584.87,0
0,0,2633.4,0
0,0,1615.32,0
0,0,1850.58,0
0,0,346.04,0
26.37,0,329.29,0
0,0,367.15,1
38.42,50,170.7,1
0,0,478.2,0
0,130,1370.05,0
0,0,184.44,1
11.72,0,0,0
0,10,274.47,1
0,0,107.4,1
0,40,43.68,1
0,0,0,0
0,0,430.69,0
0,0,216.93,0
0,0,2568.8,0
0,0,233.24,0
0,0,149.42,0
0,0,806.72,1
0,0,541.09,0
0,0,42.46,1
45.75,0,2744.82,0
0,0,3104.64,0
47.79,0,666.38,0
0,0,0,0
0,0,120.12,0
0,0,0,0
0,0,1586.97,0
0,10,699.84,0
0,0,375.48,1
0,0,2757.4,0
0,0,76.57,0
29,0,287.98,0
0,0,112.28,1
0,0,104.3,1
0,0,344.12,0
0,0,933.1,0
0,40,156.8,0
0,0,1339.06,0
0,0,0,1
0,90,1143.42,0
0,0,933.12,0
0,0,1440.6,0
0,0,38.44,1
0,0,507.96,0
0,0,1142.82,0
0,0,2385.6,0
0,0,89.3,0
0,0,451.8,1
0,0,1671.98,1
15.76,0,997.5,0
0,0,739.2,1
0,0,344.4,0
17.6,0,76,0
15.17,0,136.74,0
0,0,0,0
0,0,183.48,0
0,0,1454.79,0
0,0,1041.12,0
0,0,178.89,0
0,0,4.99,1
0,0,1402.08,0
0,0,33.58,1
0,0,16.37,1
0,0,2299.67,0
0,0,1854.37,0
0,0,242.56,1
0,10,199.5,0
0,0,1730.43,0
0,0,27.97,1
0,0,16.55,1
0,0,264.86,0
0,0,2143.26,0
0,0,130.46,0
0,0,1962,0
0,0,2372.72,0
0,0,520.37,1
14.57,0,712.08,0
26.32,0,188.32,0
0,0,668.34,1
0,0,1066.89,0
0,0,2497.44,0
0,0,1350.72,0
0,0,1526.25,0
25.62,0,0,0
0,0,0,0
0,0,260.68,0
0,0,681.8,0
0,0,918.4,0
0,0,325.71,0
0,0,78.82,1
0,0,361.8,1
0,40,109.76,1
0,0,37.68,1
0,0,978.42,0
0,0,1023.84,0
0,0,2181.12,0
0,0,338.4,0
0,0,2324.5,0
0,0,519.9,0
0,100,0,0
37.06,0,167.28,0
0,0,732.87,0
0,0,0,1
0,0,28.14,1
0,0,2882.4,0
0,0,2154.05,1
0,0,0,0
0,0,1605.12,0
0,0,728.64,0
0,0,1170.55,0
0,0,861.25,0
0,0,1247.76,0
43.66,0,3345.98,0
0,130,1103.48,0
0,0,646.95,0
0,0,2379.81,0
0,0,473.29,0
0,0,1480.29,0
0,0,505.98,0
0,0,735.84,0
0,0,1991.21,0
0,0,352.83,0
0,0,113,1
0,0,2806.65,0
0,0,1374.84,1
0,80,70.59,1
0,0,17.16,0
0,0,287.88,0
0,0,15.68,1
0,0,237.44,0
0,0,998.92,0
0,0,133.4,1
0,0,263.6,0
0,0,0,0
0,0,293.34,1
0,0,2572.8,0
0,10,0,0
0,0,268.65,0
0,0,111.5,0
0,0,1594.87,0
0,0,381.69,0
0,0,1437.16,0
0,0,75.6,0
0,0,229.68,0
0,0,77.4,0
0,0,632.32,0
0,0,226.96,0
0,0,42.56,1
0,0,212.4,0
0,0,1044,1
28.7,0,1699.98,0
0,0,158.34,1
0,0,192.06,0
0,0,40.83,1
0,0,703.33,0
0,0,1142.96,0
0,0,204.54,0
0,0,2097.16,0
0,0,40.2,0
0,0,965.52,0
0,0,0,0
0,0,285.75,1
0,0,2605.9,1
0,0,0,0
0,0,134.64,1
0,0,1054.8,0
0,0,158.88,1
0,0,1621.84,0
49.79,0,385.5,0
0,0,0,1
0,0,51.44,1
0,0,0,0
0,0,23.2,1
0,0,311.04,0
0,0,496.8,0
14.23,0,831.95,0
0,50,2183.48,0
0,0,2390.57,0
0,0,2123.1,0
0,0,0,0
0,0,1401.18,0
0,0,969.2,0
0,0,1532.85,0
0,0,134.19,0
0,0,184.32,0
0,0,1553.3,0
0,0,669.84,0
0,0,366.08,0
0,0,689.76,0
0,0,468,0
0,0,142.53,1
6.26,0,1198.08,0
0,0,0,1
0,0,257.85,1
0,0,459.72,0
0,0,1558.98,0
0,0,0,1
0,0,2563.55,0
0,0,0,0
0,0,0,0
38.37,0,556.78,0
0,0,59.2,1
0,0,105.18,0
0,0,364.28,0
0,0,1081.53,0
0,0,437.97,0
0,0,2591.36,0
0,0,12,1
0,140,2497.68,0
0,140,365.85,0
0,0,132.66,0
49.24,0,316.36,0
0,0,116.36,0
3.55,0,1914.5,0
0,0,232.54,0
0,0,0,0
0,0,1187.24,0
0,0,1526.28,0
0,0,0,0
0,0,656.16,0
0,50,1142.4,0
0,0,172.59,1
0,0,453.3,0
0,0,337.54,1
0,0,546.88,0
0,0,413.91,0
0,0,78.96,1
7.3,70,305.8,0
0,0,201.63,0
0,0,0,0
0,0,1140.24,0
0,0,106.47,1
0,0,0,0
0,0,698.82,0
0,0,956.46,0
0,0,557.06,0
0,0,3399.9,0
0,0,937.2,0
0,0,1758.24,0
0,0,349.86,0
0,0,74.9,0
0,0,30.23,1
0,0,1004.4,0
16.96,0,1379.52,0
0,0,392,0
0,0,59.4,1
3.85,60,1081.6,0
0,0,439.8,0
0,0,0,0
0,0,53.46,0
0,0,1021.9,0
0,0,370.8,0
0,10,1201.9,1
0,0,35.71,1
0,110,145.3,1
0,0,1993.04,1
0,0,649.88,0
23.39,0,515.52,0
0,0,16.06,1
0,60,937.04,0
0,0,152.04,0
23.72,0,0,0
0,0,1808.4,0
0,0,204.56,0
0,0,320.7,1
0,0,2373.76,0
33.13,0,1767.92,0
0,0,766.8,0
0,120,1538.64,0
0,0,994.56,1
0,0,517.8,0
0,0,2291.76,0
0,0,2513,0
0,0,10.98,1
0,0,0,1
0,0,165.01,0
0,150,2499.83,0
0,0,39.04,1
0,0,869.42,1
0,0,1156.05,0
0,0,132.48,0
0,0,209.52,1
0,0,1600.17,0
0,0,327.87,1
26.02,0,134.61,1
40.62,0,2114.64,0
0,120,2422.68,1
0,0,639.36,0
0,0,278.4,0
0,0,133.59,0
0,0,982.53,0
0,0,1736.64,0
0,40,3128.26,0
0,0,1687.26,0
0,0,1417.01,0
0,0,1199.36,1
0,60,1274.7,0
0,0,1721.5,0
0,0,249.9,0
0,0,2088.11,0
10.76,0,1068.55,0
0,0,12.12,0
0,0,57.85,1
0,0,166.88,1
0,0,191.12,1
0,0,2609.84,0
0,120,337.92,1
0,0,741.54,0
0,0,1013.6,0
0,0,460.8,1
0,0,251.37,1
0,0,566.2,0
0,0,23.63,1
0,0,197.4,1
35.34,0,792.2,1
0,0,1904.76,1
0,0,112.71,0
0,0,286.62,1
0,0,876.4,1
0,60,1238.38,1
0,0,1707,0
14.15,0,2459.54,0
0,0,433.32,0
0,0,116.44,1
0,0,30.92,1
0,0,211.76,0
0,0,53.74,1
0,0,1811.52,0
0,50,692.64,0
12.81,0,456.9,1
0,0,3008.32,1
0,0,106.2,1
0,0,436.74,0
0,0,507.08,0
0,0,54.95,0
24.07,0,673.55,0
0,0,2644.75,0
0,0,101.46,0
0,0,1574.72,0
0,0,1064.2,0
0,0,660.66,1
0,0,1197.63,0
45.61,0,203.94,1
0,0,76.02,0
0,0,952.85,0
0,40,4.18,1
0,0,2148.48,0
0,0,646.02,0
0,0,72.63,0
0,120,106.68,1
0,0,403.9,0
0,0,132.48,0
0,0,1061.91,0
16.89,0,632.27,0
4.18,0,113.2,0
0,150,446.49,0
0,0,1627.08,0
0,0,457.3,1
0,0,313.56,0
0,0,0,0
0,0,2557.8,0
0,0,578.36,0
0,0,115.2,1
0,0,114.24,0
0,0,1855.2,0
0,0,2321.8,0
0,0,390.06,1
0,0,1684.62,0
0,80,0,0
0,0,1952.38,0
0,0,469.71,0
0,0,2034.45,0
0,0,1083.32,0
0,0,789.18,1
0,0,228.6,1
0,0,2272.86,1
0,0,48.96,1
0,0,1493.12,0
17.96,30,0,0
0,0,1555.84,0
0,0,29.56,1
26.99,0,1266.65,1
0,0,165.44,0
0,0,278.96,0
0,0,0,1
0,0,2288.16,0
0,0,391.68,0
0,0,369.18,1
0,0,193.2,0
20.17,0,1872.78,0
0,0,1435.7,0
21.81,0,76.75,0
0,0,4.04,1
47.04,0,275.21,0
0,0,3242.58,0
0,0,40.72,0
0,0,0,1
0,150,49.68,0
12.55,0,1941.12,0
0,0,1418.48,0
0,0,47.6,0
0,0,89.04,0
0,0,516.29,1
0,0,6.54,1
0,130,451.56,0
0,0,1785,0
0,0,1488,0
0,130,448.56,0
34.44,0,0,0
0,0,1069.74,0
0,0,3476.88,0
0,0,1269.45,0
0,0,1549.4,0
0,0,2340.5,0
0,0,1341.45,0
0,0,48.95,1
0,0,521.56,0
0,0,979.44,0
0,0,0,0
0,0,1270.23,0
0,0,1160.88,0
0,0,650,0
36.61,0,1707,1
0,0,884.18,0
0,0,374.24,0
0,0,114.96,0
0,0,0,0
0,0,38.8,1
0,0,1137.39,0
0,0,1822.08,0
0,100,1152,0
0,0,1724.46,1
0,0,690.69,0
0,0,100.54,1
0,0,1317.18,0
23.72,0,219.12,1
0,0,614.51,0
6.79,110,1127.46,1
0,0,1045.12,0
0,0,396.22,1
0,0,2368,0
0,0,229.32,0
0,0,1878.63,0
0,0,1187.04,1
0,30,54.6,1
0,0,329.04,0
0,0,41.39,1
0,0,704.8,0
48.25,0,436.02,1
0,0,200.9,0
0,0,1514.13,0
0,0,0,0
0,0,3564.72,0
0,0,473.13,0
0,0,631.72,0
0,0,2766.02,0
0,0,1455.3,0
0,0,1629.21,0
0,0,40.51,1
0,30,3319.76,0
0,0,1834.56,0
0,0,2211.67,0
0,0,1509.3,0
0,0,2517.84,0
0,0,140.4,0
0,0,2783.03,0
0,100,166.8,0
0,0,859.56,0
0,30,28.37,1
0,0,602.6,0
0,0,229.04,1
0,0,228.2,0
0,0,664.95,0
0,0,0,0
0,0,7.74,1
0,0,20.55,1
0,0,71.46,1
0,150,2931.6,1
0,0,131.37,0
0,0,852.12,0
0,0,286.2,1
0,0,281.52,0
0,0,604.8,0
0,0,1306.9,0
0,0,2708.6,0
0,150,2128.2,0
0,0,1725,0
0,0,26.12,1
0,0,3169.48,0
0,0,14.08,1
0,10,1.63,1
0,0,1286.62,0
18.62,0,399.33,0
0,0,171.36,0
0,0,596.88,0
0,0,504.72,0
0,0,302.28,1
0,0,248.16,0
0,0,77.52,1
0,0,21.06,1
0,60,1379.4,1
0,0,504,0
0,0,177.44,0
0,0,398.46,0
0,0,547.83,0
0,0,532.58,0
0,0,2195.69,0
0,0,1796.4,0
0,0,191.75,0
0,0,2560.95,0
0,0,6.78,1
0,0,1624.15,0
0,0,603.84,0
0,0,155.7,1
0,0,1672.03,0
0,0,1200.02,0
0,0,550.4,0
0,0,1391.5,0
11.05,0,188.65,1
15.41,0,200.56,0
0,0,1552.44,0
0,0,846.26,0
0,0,1358.5,0
0,10,235.3,0
49.37,0,1863.88,0
0,0,149.59,0
0,0,236.16,1
0,0,259.53,0
0,0,116,1
0,0,490.11,0
45.07,0,79.55,0
0,0,876.26,0
36.29,0,1483.76,0
0,0,1874.88,0
0,0,478.33,1
41.74,0,318.5,0
0,20,74.5,1
0,0,491.15,0
0,60,341.22,0
0,0,290,0
0,0,0,1
0,0,39.24,1
0,0,144.2,1
0,0,441,0
0,0,120.24,0
0,0,798.16,0
0,0,270.18,0
29.17,10,184.03,0
0,0,1463.79,0
0,120,649.6,0
0,0,1968.8,0
0,110,1119.96,0
0,10,228.7,0
0,0,0,0
29.64,0,181.45,0
0,0,42.56,1
0,0,2367.78,0
0,0,459,0
0,0,0,0
0,0,901.8,0
0,80,945.56,1
0,0,1684,0
0,0,1115.92,1
0,0,642.45,1
0,0,1979.84,1
0,150,2696.4,0
0,0,793.78,0
0,140,2654.69,0
4.7,0,2884.73,0
0,0,346.94,0
33.1,0,257.52,0
0,0,480.72,0
0,0,369.45,1
0,0,1598.8,0
0,0,0,0
0,0,1733.76,0
0,0,1412.9,0
31.05,0,103.14,0
0,0,2080.22,1
0,0,0,0
0,90,1380.4,0
0,0,36.07,1
0,0,418.2,0
0,0,1078.32,0
0,130,1068.94,0
0,0,276.57,1
0,0,1.28,1
0,0,241.43,1
0,0,577.2,0
0,0,120.83,0
0,0,1116.7,0
0,0,615.44,0
0,30,0,0
0,0,284.24,1
0,0,497.1,1
0,0,383.6,1
0,0,782.64,0
0,0,128.52,0
0,0,1417.5,0
0,0,636.48,0
0,0,35.6,1
0,0,33.5,0
45.38,0,2135.52,0
0,0,0,0
0,20,1613.52,0
0,0,51.52,1
0,0,2581,1
0,0,848.43,0
0,0,620.4,0
0,0,884.12,0
0,0,575.8,1
0,0,3167.36,0
0,0,274.14,0
0,0,1665.04,0
0,0,0,0
0,0,19.1,1
0,0,859.35,0
0,0,879,0
0,0,1439.68,0
0,0,821.5,0
0,0,490.98,1
0,0,23.38,0
0,0,2861.28,0
0,0,0,0
0,0,79.56,1
0,0,1401.6,0
0,0,1562,0
0,150,624,0
0,0,124.52,0
11.8,0,464.88,0
0,0,419.34,0
0,0,1662.57,0
0,0,0,0
0,0,212.04,0
0,90,382.49,0
0,0,83.85,0
0,0,0,1
0,0,507.68,1
0,0,0,0
0,0,7.49,1
0,0,0,0
0,0,774.8,0
0,0,51.24,0
0,0,3141.63,0
36.04,0,1140.48,0
0,0,454.72,0
16.38,0,1678.08,0
0,0,472.68,0
36.92,0,1499.88,0
0,0,1728.72,0
0,0,291.48,0
0,0,787.92,1
0,0,1770.79,0
0,0,2678,0
0,130,0,0
0,0,1582.92,1
0,0,972.3,0
0,40,1125.84,0
0,0,1894.86,0
0,0,93.68,1
0,0,205.76,0
0,40,916.65,0
0,0,558.35,0
0,0,235.92,1
0,0,14.58,1
0,0,2061.9,0
0,0,537.2,0
0,0,2067.84,0
0,0,716,0
0,0,104.16,1
0,0,215.92,1
0,90,492.18,1
0,0,1585.43,0
0,0,355.57,0
0,0,1846.64,1
0,0,1657.92,0
0,0,1339.89,1
0,0,2719.36,0
0,0,83.16,0
0,0,202.9,0
0,0,762.96,0
0,0,830.88,1
0,0,626.04,0
0,50,0,0
0,0,39.15,0
0,0,284.1,1
0,0,5.67,1
0,0,23.04,0
0,0,81.62,0
0,0,610.56,0
0,0,2257.41,0
0,0,2453.22,0
0,0,750.51,0
0,80,0,1
0,0,315.04,0
0,0,146.2,0
0,0,209.36,0
0,0,3226.32,0
0,0,114,1
0,0,86.1,0
0,0,2631.46,0
0,0,103.6,0
0,0,1955.05,0
0,0,272.8,1
0,0,96.72,0
0,10,0,1
0,0,553.08,0
0,0,128.6,0
0,0,1141.2,0
0,0,11.11,0
0,0,979.57,0
0,0,121.56,1
0,0,12.46,1
0,0,149.55,0
0,0,2882.88,0
0,0,48.97,1
0,0,46.92,1
0,0,1323.89,0
0,0,0,0
0,0,1188.26,1
41.23,0,1377,0
0,0,200.5,0
0,0,275.4,0
30.14,0,1071.09,0
0,0,2824.2,0
0,0,17.85,1
0,0,2876.92,1
0,0,1643.34,1
0,0,0,0
46.06,0,0,0
0,0,1887.9,0
0,0,1563.84,0
0,0,214.06,0
0,0,1743.95,0
0,0,1306.08,0
0,0,20.26,1
0,0,52.08,1
0,0,1342.73,1
0,0,1209.12,0
0,0,62.65,1
0,0,468.65,0
0,0,2153.8,0
44.13,0,0,0
0,0,1251.25,0
0,0,854.91,0
0,0,0,0
0,0,0,0
0,0,1897.5,0
35.28,0,585.39,0
0,0,0,1
0,0,871.56,0
0,70,2021.37,0
0,0,629.3,0
0,0,600.78,0
0,0,571.4,0
0,0,2796.48,0
0,0,50.32,1
0,10,27.7,1
0,0,421.76,0
0,0,366.48,1
0,50,86.48,1
0,140,2171.89,0
0,0,2493.44,0
0,0,630.63,0
0,0,1391.6,0
0,0,0,0
0,0,34.32,1
0,0,367.16,0
0,0,959.48,0
0,100,1148.51,1
0,0,45.8,1
0,0,0,1
0,0,0,0
0,0,667.44,1
0,0,1530.36,0
0,0,1402.7,0
0,0,193.38,0
0,0,959.04,0
0,0,661.05,1
0,0,112.88,1
0,0,474.76,1
0,0,1959.08,1
0,0,413.7,1
0,0,1632,0
0,0,2981.55,0
0,0,500.4,0
44.17,0,485.16,0
0,0,369.04,1
37.45,0,48.96,0
0,0,321.03,0
0,0,0,1
0,0,39.96,0
0,0,2639.28,0
3.33,0,2439.56,0
0,0,1804.38,0
0,0,1228.01,0
31.58,0,1427.86,0
0,0,18.96,0
0,0,870.73,0
0,30,140.16,0
0,0,756.58,0
0,0,1376.4,1
0,0,206.05,0
0,0,442.26,1
0,0,2687.1,0
0,60,191.11,0
0,0,2264.9,0
0,0,494.34,1
0,0,952,0
0,0,700.2,0
0,0,490.4,0
0,0,125.28,0
0,0,168.52,1
0,0,1145.23,0
0,0,76.67,1
0,0,148.98,0
0,0,41.98,1
0,0,24.24,1
0,0,1550.72,1
0,0,1768.7,0
0,0,2724.48,0
0,0,412.83,0
0,0,123.05,0
0,10,0,1
0,0,67.78,1
0,0,18.02,0
0,0,40.05,0
0,0,527.94,1
0,0,1057.32,0
0,0,1444.95,0
0,0,205.92,1
0,0,1736.35,0
0,0,13.02,1
0,0,0,0
0,0,0,0
0,0,0,0
36.66,0,1454.57,0
0,110,661.95,1
0,0,299.5,0
0,10,29.41,1
0,0,0,1
0,70,270.27,0
0,0,290.03,0
0,0,1354.24,0
0,0,2264.19,0
0,0,313.11,0
0,0,0,1
0,0,1401.62,0
0,40,1189.44,0
0,0,2269.87,0
0,0,47.8,0
0,0,2211.95,0
0,0,1078.98,0
17.14,0,1361.58,0
0,0,1149.68,0
0,0,1515.8,0
0,0,824.78,0
0,0,90,0
0,0,1328.96,0
0,0,228.16,1
0,0,46.69,0
0,0,0,0
0,0,1082.9,0
0,0,0,1
38.65,0,133.56,0
0,0,2807.28,0
22.55,0,560.88,0
0,0,1337.48,0
0,0,2627.88,0
0,0,135.72,0
0,0,3508.82,1
0,0,1995.24,1
0,0,49.42,1
0,0,845.38,0
0,10,59.38,1
0,0,89.28,0
8.88,0,924.96,1
0,0,408.52,1
0,0,1490.56,0
0,0,3564,0
0,0,35.37,0
0,0,106.4,0
0,0,12.4,1
0,0,1682.16,1
18.85,0,1594.77,0
0,0,585.8,1
0,0,63.24,0
0,0,1430.45,0
0,0,193.4,1
0,0,35.77,1
46.99,0,1083.92,0
0,0,19.98,1
0,0,10.64,1
44.63,0,635.4,1
0,0,81.2,1
0,0,95.88,0
0,0,379.73,0
0,0,10.71,1
0,0,0,0
0,0,2052,0
0,0,429.72,0
1.69,90,1830.84,0
0,80,365.05,1
0,0,1818.15,0
0,0,1596.54,0
0,0,2510.64,1
0,0,114.46,0
0,0,360,0
0,0,0,1
0,10,0,1
0,0,2354.16,0
0,0,1627.36,0
8.96,0,1647.24,0
0,0,0,1
0,0,739.44,0
49.38,0,216.98,0
0,0,96.36,1
24.98,0,129.96,0
0,0,462.3,0
0,0,2626.4,0
0,0,679.2,0
0,0,46.32,0
0,0,310.64,1
0,150,1072.96,1
0,120,965.34,1
0,0,460,0
0,30,1129.26,0
0,0,2374,0
0,0,2154.18,0
0,30,0,0
0,0,11.86,1
0,0,169.32,1
0,0,182.6,1
0,40,2751.72,0
0,0,282.37,1
0,0,49.2,1
0,0,1210.24,0
0,0,133.44,1
0,0,812.36,0
0,10,435.42,0
0,0,228.72,0
0,0,12.94,1
0,0,452.1,1
0,0,2411.33,0
0,0,132.37,0
0,50,499.2,0
0,0,2219.58,0
17.76,0,407.52,0
0,0,876.48,0
0,0,720.5,0
0,0,282.37,1
0,0,17,1
0,0,29.04,1
0,0,363.63,0
0,0,2319.84,0
0,0,416.76,0
0,0,1185.1,0
0,0,3269.52,0
0,0,214.4,0
0,0,0,0
16.91,140,364.35,0
33.73,0,1392.32,1
0,0,1431.44,0
0,0,475.02,0
0,0,85.78,1
0,0,1403.68,1
0,0,457.9,0
0,0,35.07,0
0,0,0,0
0,0,220.56,1
0,0,1876,0
0,0,2744.32,0
0,0,473.22,1
0,0,41.44,0
0,0,32.85,1
0,0,92.64,0
0,0,0,1
0,0,765.32,0
0,0,432.6,1
0,0,34.47,1
0,20,69.78,1
0,0,0,0
0,0,887.22,0
2.93,0,1846.23,1
48.59,0,0,0
0,0,41.44,0
0,0,1388.73,0
0,20,3045.72,0
0,10,49.6,1
0,0,1008.6,0
0,0,226.8,1
0,0,910.57,0
0,0,234.4,1
0,0,33.12,0
0,0,2030.4,0
0,110,3116.88,0
0,0,34.48,1
0,0,2847.24,0
37.37,0,1765.43,0
0,0,110.66,0
0,0,477.02,1
0,0,0,1
0,0,1902.8,1
0,0,615.06,0
0,0,510.6,1
0,90,1113.86,0
0,0,1799.85,0
0,0,413.69,0
0,40,29.4,1
0,40,8.38,1
0,0,114.2,0
0,0,949.25,0
0,0,1203.84,0
0,0,206.45,0
0,0,1746.4,0
0,0,1164.16,0
0,0,2245.32,0
0,0,506.66,0
0,50,1392.58,0
0,0,129.03,0
0,0,730.17,0
0,0,266.42,0
0,0,1496.88,0
0,0,1488.06,0
0,0,4.4,0
0,0,770.95,0
0,0,71.82,1
0,0,1422.96,1
0,0,393.5,0
0,0,3113.28,0
0,0,16.81,1
0,0,1797.75,0
0,0,1877.4,0
0,0,0,0
0,0,681.7,0
0,0,2614.2,0
0,0,1628,0
0,0,1289.49,0
0,0,0,0
0,0,14.9,1
0,0,275.11,0
0,0,1075.4,0
0,0,1372.8,0
0,0,1347.5,0
0,0,1587.56,0
0,0,1702.92,0
0,0,40.4,1
0,0,20.23,1
0,0,901.95,0
0,120,0,0
0,0,17.23,1
0,0,569.24,0
0,0,1271.9,0
0,0,929.53,1
0,0,192.1,0
0,0,1005.72,1
0,0,1766.5,1
0,20,151.05,0
0,0,1803.75,0
0,0,114.27,1
0,0,2347.01,0
0,0,150.56,0
0,0,1880.02,0
0,0,84.76,0
12.59,0,2844.87,1
0,0,1410.63,1
0,0,1844.75,0
0,0,232.56,1
0,0,41.68,1
0,0,1759.68,0
0,0,120.44,0
0,0,371.8,1
0,0,2467.08,0
0,0,657.15,0
0,0,1116.83,0
0,0,225,1
0,20,0,1
0,0,484.08,0
0,0,330.4,0
0,0,23,1
0,0,60.1,1
0,0,0,0
0,0,2086.61,0
0,0,759.43,1
0,40,613.26,0
0,0,118.44,0
0,0,1776.24,0
26.7,0,1532.88,0
0,110,1284.12,0
0,0,1792.8,0
0,30,254.88,0
0,0,2243.32,0
0,0,0,0
21.08,0,597.6,0
0,0,885.02,0
0,0,1199.36,0
0,0,190.38,0
0,0,1904.4,0
0,0,0,1
0,40,28.93,0
0,0,0,0
0,0,518.23,0
0,0,1224.06,0
0,0,0,0
0,0,305.95,0
0,0,407.69,1
0,0,672.9,1
0,0,2041.5,0
0,0,526.68,0
0,0,269.36,1
0,0,0,1
0,0,271.66,1
0,0,43.49,1
0,0,166.56,0
0,0,808.56,0
0,0,186.12,0
0,0,19.04,0
0,0,195.17,0
0,0,1431.93,0
0,0,155.52,0
0,0,2072.98,1
0,0,1311.2,0
0,0,145.17,0
0,0,174,0
0,0,384.37,0
23.13,120,651.6,0
0,0,306.88,1
0,0,111.67,1
0,0,1241.68,0
8.74,0,134,1
0,0,1417.68,0
0,0,2288.43,0
0,0,200.75,1
0,0,163.53,0
0,0,361.28,1
37.03,0,972,0
0,0,763.8,0
0,0,906,1
0,0,408.12,1
0,0,414.54,1
0,60,484,1
0,0,502.35,0
0,0,1507.56,0
0,150,130.64,0
0,70,792.67,0
0,0,270.6,0
0,0,54.54,1
0,0,0,0
0,0,85.65,0
0,30,941.64,0
0,0,574.7,0
0,0,2864.04,1
0,20,47.25,1
0,0,426,0
0,0,1292.2,0
0,0,30.96,1
0,0,86.36,0
0,0,155.84,0
0,0,1109.98,0
0,0,539.35,0
0,0,2071.76,0
0,0,371.83,0
0,0,1167.18,0
0,0,111.9,0
0,0,712.64,0
25.57,0,998.18,0
0,0,176.88,0
0,0,126.6,0
0,0,977.34,0
0,0,223.84,0
0,0,410.97,0
0,0,0,0
44.51,0,1118,0
0,0,605.28,1
0,150,0,0
2.18,0,1614.99,0
0,150,795.76,0
0,0,656.46,0
0,0,14.24,1
0,0,1728.16,0
0,0,27.89,1
0,10,113.88,0
0,0,1896.3,0
0,0,756.16,0
0,0,1798.69,0
0,0,8.03,1
0,0,995.4,0
0,140,761.52,0
0,0,964.62,0
0,0,0,0
0,0,133.02,1
0,0,1245.6,0
0,0,695.98,0
0,0,928.32,0
0,0,120.99,1
0,0,617.6,0
49.57,0,770.88,1
0,0,225.75,0
0,0,511.19,0
0,0,108.78,0
0,0,1289.75,0
0,0,2198.19,0
0,100,300.45,1
14.3,0,1105.5,0
0,0,1341.62,0
0,0,548.96,0
0,0,314.04,0
0,0,0,0
0,0,383,0
0,0,2146.49,0
0,0,2482.68,0
0,0,647.57,1
0,0,0,0
0,0,369.48,0
0,0,200.34,0
0,0,619.44,0
0,0,3287.52,0
0,140,608.4,1
0,0,187.68,0
0,0,2376.72,0
0,0,495.8,1
0,0,47.22,1
0,0,347.85,0
0,0,860.64,0
0,0,308,1
0,0,949.59,0
0,0,2753.8,0
0,0,129.6,0
0,0,499.4,0
0,0,0,0
0,10,424.84,1
17.3,0,878.72,0
0,0,2343,0
0,80,1327.26,0
0,0,513.24,0
0,0,658.14,1
0,10,360.32,0
27.15,90,293.42,0
0,50,780.64,0
0,0,0,0
0,0,2088.16,0
0,0,383.37,0
0,0,693.12,0
41.18,0,196.23,1
0,0,867.62,0
0,0,338.55,0
0,0,153.37,1
0,0,572.65,0
0,0,831.6,1
0,0,3201.12,0
0,0,1194.38,0
0,0,2292.87,0
0,0,572.52,0
0,0,44.36,1
0,0,2376.46,0
0,0,584.82,0
0,110,0,0
0,0,0,1
0,0,48.58,1
0,0,670.24,0
0,0,212.6,0
0,0,19.8,0
0,0,0,1
0,0,507.5,1
0,0,131.46,1
0,10,683.68,0
0,0,209.65,0
21.35,0,1062.5,0
0,0,36.19,0
0,0,352.32,0
0,0,0,0
0,0,1143,1
0,0,3129.15,0
0,0,21.8,1
0,0,1288.32,1
0,0,1175.47,0
0,0,121.8,1
0,0,1332.8,0
0,0,603,0
0,0,145.75,0
0,0,482.98,0
0,0,1292.76,0
0,0,351.39,0
0,0,83.1,0
13.07,0,416.07,0
0,110,207.84,0
0,0,375.9,0
0,0,219.24,0
0,0,1806.95,0
0,0,2827.44,0
0,0,1343.3,0
48.95,0,51.54,1
0,0,2874.95,0
0,0,451.35,0
0,0,383.32,0
0,0,0,0
17.19,0,2818.69,0
0,0,267.96,1
0,0,44.73,1
0,0,0,0
0,0,23.5,1
0,0,217.44,0
0,0,0,1
0,0,213.2,0
0,0,184.05,1
0,0,734.4,1
0,0,2085.2,0
21.52,0,3154.45,0
0,0,1425.54,0
0,0,44.11,1
0,0,1252.56,0
0,0,2399.7,1
0,0,219.76,0
0,0,800.91,0
0,0,508.2,0
0,0,2319.36,0
0,0,0,1
0,0,2524.16,0
0,0,788.64,0
0,0,860.52,0
0,0,496.65,0
0,0,239.52,0
0,130,1893.36,1
0,0,694.8,0
0,0,2853.9,0
0,0,398.79,0
0,150,3032.82,0
0,30,64.24,0
0,0,0,1
0,0,247.94,1
0,100,387.52,0
0,0,32.35,1
0,0,37.92,1
0,0,2110.5,1
0,0,83,0
5.44,0,3385.44,0
0,0,959.04,0
0,0,0,1
0,0,306.84,0
0,0,378.42,0
0,0,2320.56,0
0,0,1575.49,0
0,0,480.48,1
0,0,3338.42,0
0,0,736,0
0,80,0,0
0,0,123.9,0
0,0,2629.13,0
0,0,888,0
0,0,181.6,1
0,0,333.84,1
0,0,991.2,0
0,0,1714.94,0
0,0,840.24,0
0,0,1018.44,0
0,0,53.86,1
0,0,117.72,1
0,0,2327.5,0
0,0,258.72,0
0,0,786.58,0
0,0,22.05,1
0,80,130.22,1
0,0,0,0
0,0,2241.36,1
0,0,1012.05,0
0,0,1876.12,0
0,50,0,0
0,0,13.58,1
0,0,0,0
0,0,0,0
0,0,497.76,0
0,0,142.4,0
0,0,570.15,0
0,0,582,1
0,0,176.64,0
0,0,155.58,1
0,0,0,0
0,0,926.64,0
0,0,0,0
0,0,493.2,0
0,0,3160.96,0
0,10,612,0
0,150,424.84,0
0,0,230,1
0,0,11.06,1
0,0,509.22,0
0,0,1113.75,0
0,0,0,0
0,0,441.6,1
0,0,674.52,0
0,0,2090.16,0
0,0,0,0
18.21,0,61.92,1
0,0,6.95,1
0,0,1354.32,0
0,0,345.36,1
0,70,829.35,0
0,100,1776.18,0
0,0,907.8,0
0,80,405.26,0
0,0,947.52,0
0,0,2080.4,0
0,0,270.76,1
0,90,3493.44,0
0,0,978.48,0
0,0,1167.81,0
0,0,401.72,0
0,110,2329.28,0
0,0,1489.86,0
42.18,0,1577.62,0
0,0,3294,0
0,0,687.04,0
0,0,177.2,0
38.09,0,629.2,0
4.25,0,165.88,0
0,0,43.61,1
0,0,1826.69,1
0,0,122.16,1
0,0,2280.52,0
0,0,0,0
0,0,2362.92,0
0,0,1863.54,0
0,0,2613.52,0
19.5,0,1210.5,1
0,0,1387.12,0
0,150,499.77,0
0,0,1333.2,0
28.35,0,341.74,1
0,0,749.54,0
0,0,814.35,0
0,0,142.38,0
37.55,40,747.62,1
0,100,793.44,0
0,0,0,1
0,0,0,0
0,0,597.96,1
0,0,81.83,0
0,0,2675.99,0
0,0,2298.88,0
0,0,195.12,0
0,0,1735.94,0
47.19,0,285.32,0
46.67,0,281.84,0
0,60,1631.85,0
0,0,1519.96,0
0,0,710.28,0
0,0,13.01,1
0,0,1074.57,0
0,0,55.9,0
0,0,535.04,1
0,0,1215,0
0,0,0,0
0,0,153.27,0
0,0,385.12,1
0,0,80.19,1
0,0,1685.72,0
0,0,1055.06,0
0,0,9.87,1
0,0,583.55,1
0,0,929.4,0
0,0,145.52,0
0,0,1381.08,0
0,30,17.36,1
0,120,24.48,0
0,0,1392.3,1
0,0,1091.85,0
0,0,29.78,1
0,0,0,0
0,0,127.8,1
0,0,66.72,0
0,110,1152.2,0
0,0,2470.8,0
9.22,0,2114.1,0
0,0,201.69,0
0,40,1018.16,1
0,140,140.06,0
0,0,840.18,0
0,0,215.1,0
0,10,31.76,0
0,10,2189.43,0
0,0,0,1
0,0,30.85,1
0,90,2502.76,1
0,0,125.55,1
0,0,19.11,1
0,0,223.6,1
0,0,1495.83,0
0,0,1394.4,0
0,0,1631.16,0
0,0,1312.82,1
0,0,0,0
0,0,649.6,0
0,30,136.29,0
0,40,1065.78,1
0,0,77.31,1
18.78,0,3063.06,0
0,60,1053.72,0
0,0,281.98,1
0,0,1812.03,0
0,0,2736,0
0,0,641.42,0
0,0,94.1,1
0,130,1431.99,0
0,0,196.8,1
0,0,460.62,0
0,0,0,0
0,0,26.22,1
0,0,730.52,0
0,0,53.24,1
0,0,147.64,1
0,0,23.16,1
0,0,1204.5,0
0,0,648.48,0
0,0,246.4,0
0,30,48.96,1
0,0,37.92,1
0,0,905.76,0
0,0,46.15,1
0,0,1579.55,0
0,0,186.9,1
0,0,625.94,1
0,0,103.08,1
0,0,1180.8,0
9.68,0,1478.32,1
0,0,34.57,1
0,0,200.15,0
0,0,0,0
0,0,2107.38,0
0,0,4.8,1
0,0,291.12,1
0,0,152,0
0,0,2221.56,0
0,0,148.32,1
0,0,318.82,1
0,0,247.77,0
0,0,312.62,1
0,0,902.4,1
0,0,129.81,1
0,0,0,0
0,140,279,0
0,50,309.06,0
0,0,413.28,0
0,0,1824.36,0
0,0,1645,0
0,0,1655.72,1
10.28,0,0,0
0,0,0,0
0,0,2468.88,0
0,0,419.04,1
0,0,775.37,0
0,0,43.03,1
0,0,39.27,0
0,90,1984.24,1
0,0,0,1
0,0,124.15,0
0,0,57.4,0
0,0,534.28,1
0,0,321,0
0,0,650.8,0
0,0,360.99,0
0,0,25.04,1
0,0,2143.68,0
0,0,11.69,0
0,0,954,0
0,0,32.74,1
0,0,521.64,0
0,0,2865.59,1
43.68,0,65.28,0
0,0,273.24,0
0,0,883.96,1
0,0,1616.64,0
0,0,7.14,1
0,0,178.72,0
0,0,755,0
0,0,228.3,0
0,0,176.46,1
0,90,1031.52,0
0,0,2214,0
0,0,1172.8,0
0,0,725.22,0
0,0,150.88,1
0,130,2047.76,0
0,0,1581.12,0
0,0,1057.54,0
0,0,374.44,1
0,0,2734.2,0
0,0,1686.52,0
0,0,91.9,0
0,0,27.52,0
0,0,130.16,0
0,0,469,0
0,0,34.25,1
0,20,445.8,0
0,0,583.74,0
0,130,1358.7,0
0,0,2902.4,0
0,0,808.92,1
0,0,218,0
0,0,1146.86,0
0,0,0,1
0,0,155.88,0
0,0,113.54,0
0,0,246.56,1
44.16,0,5.6,1
0,0,0,0
0,0,2281.23,0
0,0,1236.48,0
0,0,43.29,0
0,0,2787.7,1
0,0,210.28,0
0,0,592.35,0
0,0,2203.93,0
0,0,140.98,0
0,0,1527.51,0
0,0,0,0
0,0,1704.38,0
29.76,0,358.74,0
0,0,67.7,0
0,0,0,0
0,0,1616.68,0
0,0,775.35,0
0,0,1022.76,0
0,0,17.44,0
0,0,77.88,1
0,0,609.96,0
0,0,1395.36,0
0,0,941.84,0
0,0,336.64,1
0,0,884.45,1
0,0,317.17,0
0,0,21.52,1
0,0,0,0
0,0,1368.85,0
0,10,22.86,1
0,0,75.52,1
0,0,3123.29,0
0,0,280.16,1
0,0,391.86,0
0,0,727.02,0
0,0,544.57,1
0,0,0,0
0,10,1130.22,0
0,0,1098.8,0
0,0,298.24,0
0,0,486,0
0,0,1455.72,0
0,0,1711,0
0,0,535.2,0
0,0,112.95,0
0,0,63.98,1
0,0,54.24,0
39.99,0,208.64,0
0,0,497,1
0,0,751.84,1
0,0,172.45,1
0,0,1759.68,0
0,0,49.24,1
0,150,1670.88,0
0,0,1238.45,0
0,0,3079.27,0
0,0,1773.78,1
0,0,195.65,0
0,0,836.81,0
0,0,123.48,0
5.9,0,366.57,0
0,0,206.76,0
0,0,737.66,1
16.86,0,286.52,0
0,0,1601.75,1
0,0,0,0
0,10,15.6,1
0,0,247.04,0
0,0,2020.95,0
0,0,193.92,1
0,0,97.29,1
0,0,164.64,1
0,0,5.36,1
0,0,1997.8,0
0,0,144.48,1
0,0,695.52,1
13.43,0,494,1
0,0,0,0
0,0,12.13,1
0,140,881.75,1
0,0,246.16,0
0,0,64.8,0
0,0,0,0
0,0,463.6,0
0,0,1936.48,1
0,0,22.86,1
0,0,777,0
0,0,1572.12,0
0,0,457.16,0
0,0,0,1
0,0,61.6,0
0,0,185.04,0
0,0,1614.6,0
0,80,0,1
0,0,892.85,1
0,0,92.46,1
0,0,822.8,0
0,0,319.05,0
0,0,1132.48,0
0,0,474.98,0
0,0,224.64,0
0,0,216.72,1
0,0,2973.52,0
0,0,348,0
0,0,565.08,0
47.36,0,85.12,0
6.72,0,532.8,0
0,0,346.62,0
0,0,287.36,1
0,0,2128.95,0
0,0,240.64,0
0,0,579.6,0
0,0,1534.56,0
0,0,1176.8,0
0,0,350.07,1
0,0,434.88,0
0,0,74.58,1
0,0,0,0
0,0,49.2,1
0,0,1652.4,0
0,30,34.5,1
0,0,807.66,0
0,0,549.6,0
0,0,2224.43,0
0,0,724.5,0
0,0,0,0
0,0,34.04,1
0,0,2146.44,0
0,0,2056.56,0
0,0,813.24,0
0,0,3166.8,0
0,0,695.81,1
0,0,961.38,0
0,0,366.96,0
0,0,43.14,1
0,0,2420.46,0
0,50,0,1
0,110,2067.1,0
0,10,47.43,1
0,0,0,0
0,0,353.01,0
0,0,706.42,1
0,0,45.1,1
5.73,0,2594.16,0
0,0,873.46,0
0,0,803.88,0
0,100,1464.4,1
0,0,86.85,0
0,0,0,0
9.73,0,772,0
0,0,63.82,1
0,0,1059.3,0
0,0,551.2,0
0,0,940.47,0
0,0,2422.5,0
0,0,0,0
0,0,93,0
3.2,0,872.64,0
0,0,199.2,0
0,100,1261.5,0
0,0,0,1
0,0,0,0
0,0,279.86,0
0,0,3063.6,0
0,0,634.41,0
0,0,325.8,0
0,0,120.32,0
0,0,188.75,0
0,0,94,0
0,0,46.49,1
0,0,937.95,0
0,0,26.72,1
0,0,3035.52,0
0,0,29.63,1
0,70,164.48,1
0,120,185.7,0
0,0,601.9,0
0,0,341.4,0
0,0,0,0
0,0,200.34,0
0,0,569.28,0
0,0,150.7,0
0,0,11.25,1
4.93,0,893.94,1
0,0,634.84,1
40.64,10,236.4,1
0,0,1188.2,0
0,0,36.63,1
0,0,15.6,0
0,0,1800.82,1
46.07,0,1514.36,0
0,0,602.3,0
0,0,21.65,1
19.32,0,980.73,0
0,0,858.55,0
0,0,959.1,0
0,0,79.04,0
0,0,0,0
0,0,454.2,0
0,0,2964.96,0
0,0,769.12,1
0,0,1195.64,0
0,0,495,1
0,0,351.9,1
0,0,754.87,1
0,0,236.4,1
0,0,0,0
0,0,1587.6,0
0,130,1188,0
0,0,284.44,1
0,0,207.75,1
0,0,1921.5,0
0,0,0,0
0,0,353.85,0
0,0,38.78,1
0,80,1762.56,0
0,0,78.8,0
0,0,797.6,0
0,80,284.28,1
0,0,1096.56,0
0,0,275.12,0
0,0,1174.21,1
0,0,1082.25,0
0,0,3008.3,0
0,0,2878.56,0
0,0,0,0
0,0,2380.3,0
36.52,0,1547.84,0
0,0,28.82,1
0,0,41.78,1
17.16,0,2088.8,0
38.15,0,576.4,0
0,0,4.41,1
0,0,0,0
0,0,390.78,0
0,0,393.9,0
0,0,2586.08,0
0,0,31.13,1
0,0,0,0
0,0,2705.92,0
0,0,779.76,1
0,0,46.77,1
0,0,1344.84,0
0,0,119.56,0
0,0,571.56,0
0,0,1419.21,0
0,0,2102.73,0
0,0,312.08,0
0,70,1137.15,0
0,0,9.66,1
29.5,0,894,0
0,0,324.94,1
0,0,478.45,0
0,0,21.59,1
0,0,608.42,1
0,0,2616.3,0
0,0,1997.28,0
0,0,1.17,1
0,0,2732.8,1
0,0,1586.9,0
12.48,0,1250.7,0
0,0,143.04,1
0,0,184.4,1
0,0,118.14,1
17.03,70,887.12,0
29.29,0,30.5,0
0,0,221.85,1
0,100,37.2,0
0,0,1.59,1
0,30,608.4,0
10.47,0,138.58,0
45.6,0,1254.8,0
0,0,410.55,0
0,0,238.4,0
0,0,2106.94,0
0,0,916.38,0
0,0,2397.44,0
0,0,1091.16,0
0,0,319.11,1
0,0,1496.52,0
0,0,116.16,0
0,40,193.28,1
0,0,16.56,1
35.44,0,2224.6,0
0,0,301.65,0
0,0,35.91,1
0,0,0,0
0,0,219.39,0
0,50,126.6,0
0,0,0,0
0,0,87.78,0
0,0,2305.68,0
0,0,0,0
0,0,28.49,1
0,0,1337.56,0
0,0,2207.61,0
0,0,1745.28,0
0,0,979.94,0
0,0,514.22,0
0,80,1034.7,0
0,0,0,0
0,0,699.6,0
0,0,1161.81,0
0,0,776.24,0
0,0,1385,1
0,0,243.49,0
0,0,732.73,0
0,40,0,1
8.3,0,415.15,0
0,0,2368.92,0
0,0,2397.36,0
0,0,170.1,0
0,0,494.4,0
0,0,378.83,0
0,0,72.9,0
29.93,130,688.77,0
0,0,677.2,0
0,10,103.25,1
0,10,246.96,1
20.28,0,1363.23,0
0,0,72.12,1
0,0,19.87,1
0,0,149.05,0
0,30,1816.08,0
0,0,345.41,0
0,0,288.54,0
0,0,1043.97,0
0,0,0,0
0,0,47.26,1
0,0,1289.86,0
0,0,41.49,1
0,10,32.82,1
0,0,2703.45,0
0,130,438.17,0
0,0,0,1
0,0,277.47,0
0,0,307.2,0
0,0,1493.12,0
0,0,904.25,0
0,0,131.43,0
0,10,730.3,0
0,0,1438.14,0
0,0,178.56,0
0,0,2459,0
0,0,0,1
0,0,1660.8,0
0,0,2432.57,0
0,0,26.41,1
0,0,374.5,0
0,0,343.91,0
0,0,1623.42,1
0,0,129.8,0
0,0,624.36,1
0,0,46.17,1
0,0,427.68,1
0,0,0,0
0,0,0,0
28.09,0,1447.62,0
0,0,1065.75,0
0,150,2667.47,0
0,0,1884,0
0,0,473.5,0
0,0,1071.67,0
0,0,0,0
0,90,0,0
0,0,2224.32,0
0,0,1158.5,1
0,0,575.26,0
0,10,0,0
0,0,11.08,1
0,0,403.2,0
37.04,0,1595.16,0
0,0,1907.28,0
0,0,1373.13,1
0,0,198.4,0
0,0,275.7,1
0,0,2387.73,0
0,110,0,1
0,0,139.44,0
0,0,608.32,0
0,0,1026.44,0
0,0,1153.92,0
0,0,765.52,0
0,0,2451.63,0
0,0,762.51,0
0,0,1014.17,0
0,0,0,1
0,0,1159.48,0
0,0,27.72,0
0,0,221.34,0
0,0,0,1
0,0,8.56,1
0,0,1286.55,0
0,0,53.24,0
0,0,2611.66,0
0,10,223.29,1
0,0,1980.48,0
0,0,2100.43,0
0,0,378.51,0
0,0,4.89,1
0,0,0,1
0,0,2537.28,0
43.25,0,456.9,0
0,0,309.87,0
0,0,1323.35,0
0,80,41.2,1
0,0,45.81,1
0,0,3071.25,0
0,0,437.51,0
0,0,475.08,0
0,0,53.55,0
0,0,0,0
0,0,1021.76,0
40.54,0,432.5,0
0,0,1098.76,0
46.39,0,1549.04,0
0,0,1620.43,0
0,0,0,1
0,0,1745.1,0
0,0,1266.72,0
0,0,584.82,0
0,0,0,0
0,0,373.56,1
0,0,184.28,0
0,0,1513.6,0
0,0,80.64,0
0,0,636.8,0
18.64,0,0,0
27.09,0,420.66,0
0,0,198.08,1
0,0,95.12,0
0,0,163.09,0
0,0,156.31,0
0,0,0,1
0,0,927.36,0
1.83,0,1611.39,0
0,0,11.34,1
0,0,412.56,0
0,0,0,0
0,0,1307.82,0
0,0,1337.6,0
0,0,0,0
0,0,635.44,0
0,0,2052.96,0
0,0,707.42,0
0,0,621.6,0
0,0,1609.56,1
0,0,0,0
0,0,30.64,1
0,0,10.98,1
0,0,544.39,0
0,0,839.88,1
0,0,2915.28,0
0,0,457.38,0
0,0,189.75,1
0,0,0,1
0,0,646.56,0
0,0,2935.2,0
0,0,244.8,1
0,0,65.58,1
0,0,1596.7,0
0,110,1218.24,0
0,0,1838.4,0
0,0,1566.4,1
0,0,58.03,0
0,0,617.32,0
0,0,0,0
47.91,0,1752.36,0
0,80,131.88,0
0,130,0,0
0,0,12.4,1
0,0,1766.44,0
0,0,2310.66,0
0,0,217.93,0
0,0,3182.22,0
0,0,695.02,0
0,0,292.8,0
0,0,810.72,0
0,0,2424.96,0
0,0,932.4,0
0,0,1272.7,0
48.79,110,1849.63,0
0,150,914.5,0
0,0,39.84,0
0,0,1737.42,0
0,0,400.32,0
0,0,0,0
0,0,52.1,1
0,110,1235.08,0
0,0,138.04,0
0,0,45.49,1
0,0,277.2,1
0,60,742.66,0
0,0,401.44,1
0,0,110.8,1
0,0,647.28,0
0,0,1432.64,0
0,0,182.28,0
0,0,883.44,1
0,10,2619.93,0
0,0,27.12,1
0,0,0,1
0,0,232.25,1
0,0,737.46,1
0,0,1544.32,0
0,0,872.55,0
0,0,368.4,1
18.55,0,261.45,0
0,0,0,0
0,0,66.56,1
0,0,19.32,1
0,0,840,0
0,0,1136.64,1
0,0,224.01,0
0,0,0,0
0,0,85.8,0
0,0,10.24,0
0,0,188.86,0
0,70,1753.89,0
0,0,50.72,1
0,0,616,1
0,90,14.8,0
0,70,416.76,0
0,0,668.08,0
0,0,157.7,0
0,40,1904.86,0
0,0,3372.72,1
0,0,3075.33,0
0,0,329.01,0
0,0,56.52,0
0,0,131.16,1
5.55,150,1240.04,0
0,110,500.96,1
0,0,81.06,1
0,0,2397.91,0
0,0,407.43,0
0,0,441.49,0
0,0,152.38,0
0,0,532.76,1
0,120,3232.08,0
0,0,3476.9,0
0,0,0,0
0,0,2784.84,0
0,0,2630.55,1
0,0,197.37,0
0,0,872.48,0
0,0,739.22,0
0,0,362.9,0
0,0,424.32,0
0,0,859.2,0
0,0,517.77,0
0,0,1079.04,1
0,0,2577.49,0
0,0,72.12,1
0,0,0,1
0,0,1023,0
0,0,11.14,1
0,0,542.2,0
0,0,3175.26,0
0,100,938,0
0,0,12.81,1
0,0,848.7,0
0,0,2258.82,1
0,0,244.24,0
0,0,698.28,0
0,0,487.56,1
0,0,294.75,0
0,0,1612.05,0
0,0,523.71,0
0,0,0,0
0,0,0,0
14.24,0,1003.52,1
0,0,960.6,0
0,0,715.96,0
0,0,27.08,0
0,0,769.02,0
0,0,83.04,0
0,0,634.68,0
0,0,212.55,0
0,0,1115,0
0,0,34.37,1
0,0,344.7,0
0,0,35.46,1
0,0,424.17,0
0,0,1696.5,0
0,0,96.93,1
0,0,2066.81,0
0,0,460.04,1
0,0,45.06,1
0,0,827.82,0
0,0,581.06,0
0,0,1736.5,0
0,0,597.6,1
47.45,0,0,0
0,10,19.15,1
0,0,0,1
0,0,22.97,1
32.71,0,102.76,0
0,0,160.56,0
0,0,501.36,0
0,0,192.22,0
28.93,0,2087.28,0
0,0,380.3,0
0,0,455.6,1
0,0,2058.04,0
0,0,1146.25,0
0,0,422.46,0
15.43,30,494.6,0
0,0,249.21,0
0,0,0,0
0,0,1813.66,0
14.67,0,601.55,0
0,0,94.94,1
0,110,2202.6,0
0,0,92.56,0
0,0,2158.83,0
0,30,0,1
0,0,417.72,1
0,0,0,1
0,130,853.12,0
0,0,398.5,0
0,0,3211.92,0
0,0,1327.95,0
0,0,461.52,0
39.27,0,0,1
25.67,0,1180.9,0
0,0,1829,0
0,20,33.48,1
0,0,0,1
0,0,1153.04,0
25.49,0,1815.46,0
24.44,0,35,1
0,0,845.07,0
0,0,150.64,1
0,0,467.1,1
0,100,1448.01,0
0,0,888.42,0
0,70,13.84,1
0,40,0,0
0,0,337.25,0
0,0,0,0
0,0,441.35,0
0,0,2002.91,0
0,0,116.56,0
0,0,22.05,1
0,0,1679.57,0
0,0,310.9,0
0,0,32.28,1
0,0,5.2,0
0,0,1485.36,0
0,40,177.12,1
0,0,3005.64,0
0,40,0,0
0,0,2365.58,0
0,80,1825.05,0
0,0,2266.6,0
0,0,2774.68,0
0,100,111.2,1
0,0,1854.72,1
0,0,316.96,0
0,0,177.12,0
0,0,1099.56,0
0,0,0,0
0,0,29.58,1
0,0,3.14,1
0,0,40.88,0
0,0,320.04,0
0,0,352.71,0
0,0,167.2,0
0,0,3000.96,0
0,0,2441.69,0
0,0,187.92,0
0,0,1135.92,0
0,0,2400.16,0
19.16,0,1768,0
0,0,2118.05,0
0,0,999.12,0
0,0,3175.6,0
0,0,31.68,1
0,0,1039.5,0
0,0,1117.44,0
0,0,2819.6,0
0,0,620.49,0
0,0,26.34,1
0,0,2329.08,0
0,0,1271.49,1
0,0,2784.6,0
0,0,1667.22,0
0,0,77.07,0
0,0,2557.02,0
0,0,1317.12,0
0,0,295.12,0
0,0,721.97,0
0,0,40.89,0
2.24,0,107.01,0
0,0,75.44,1
0,0,11.58,1
0,10,115.14,1
0,0,613.12,0
0,0,321.92,0
0,0,207.85,1
0,0,290.07,0
0,0,2386.31,0
0,0,172.53,0
0,0,467.1,0
0,0,259.08,0
0,0,653.1,0
0,0,644.6,0
0,0,1139.84,0
0,0,0,0
0,80,0,1
0,0,242.64,1
0,0,1328.64,0
0,30,87.06,1
0,0,409.86,0
29.11,0,2756.16,0
0,0,371.69,0
0,0,0,0
0,0,41.61,1
0,0,2564.64,0
0,0,38.53,1
25.98,0,1095.12,0
0,0,434.25,0
0,0,40.62,1
0,0,797.97,0
0,0,643.56,0
0,0,78.39,1
0,0,1891.8,1
0,0,1842.5,0
43.31,0,352.95,1
0,0,26.14,1
0,0,900.66,0
0,0,42.48,1
0,0,1448.32,0
0,0,3104.64,0
0,0,2754.5,0
0,0,1229.9,0
0,0,99.16,0
0,0,828.48,0
0,0,1151.04,0
0,0,13.13,1
21.9,0,3098.24,0
0,0,83.8,1
46.78,0,271.01,0
0,0,312.75,0
0,0,223.56,0
0,0,742.06,0
0,0,1120.79,0
0,0,995.04,0
0,0,700.72,0
0,0,44.59,1
0,130,267.71,1
0,0,0,0
0,0,3501.72,0
0,0,108.96,1
0,0,40.68,0
0,0,1508.76,0
0,60,681.84,0
0,0,259.14,0
0,0,566.82,1
0,130,523.11,0
0,0,814.4,1
0,0,31.34,1
0,0,200.64,0
0,0,2595.6,0
0,0,256.64,0
0,0,736.96,0
0,0,833.04,0
0,0,1201.52,0
0,0,77.01,0
0,0,317.2,1
0,0,1182.07,0
0,0,865.44,0
41.85,0,653.2,1
0,0,375.55,0
0,0,1518.11,0
0,0,643.31,0
0,0,2000.88,0
0,0,1070.4,0
0,0,1895.79,0
38.57,0,87.72,0
0,0,1410.42,0
0,0,2829.24,0
0,0,95.64,1
0,60,1039.83,0
0,0,1116.29,0
0,0,993.61,0
0,0,435.6,0
29.88,0,1533.54,0
0,0,628.16,1
0,0,183.06,1
0,0,884.88,0
0,0,0,0
0,0,632.1,0
0,0,2010.56,0
0,0,209.15,1
0,0,328.44,0
0,0,329.8,1
44.31,0,1063.04,1
0,10,35.82,1
0,0,0,0
0,0,1408.22,1
0,0,1278.76,0
0,0,0,1
0,0,148.75,0
0,0,0,1
0,10,637.44,0
0,0,1703.7,0
26.83,0,749.76,0
0,0,0,1
0,0,598.05,0
0,0,1453.86,0
0,0,1337.91,0
0,50,1013.61,0
0,0,1523.5,0
0,20,136.75,1
45.47,0,245.7,0
0,0,564.16,0
0,0,34,0
0,0,870.78,0
0,0,284.85,0
0,0,2024.36,0
0,0,254.98,0
0,0,475.41,0
0,0,921.57,0
0,0,140.8,0
0,0,1246.32,0
0,0,769.28,0
0,0,1177.28,0
0,10,99.48,1
0,0,536.64,0
0,0,2424.31,0
14.78,40,1922.8,0
0,0,0,0
0,0,0,0
0,0,1199.86,0
0,0,0,0
0,0,1526.44,0
0,0,984.06,0
0,0,0,0
0,0,109.12,1
0,0,0,0
0,0,0,0
0,0,721.35,0
0,0,891.29,0
0,0,286.13,0
0,50,0,0
0,0,3033.66,0
0,0,0,0
0,0,247.74,0
0,0,319.36,0
0,0,17.27,1
0,0,17.25,1
0,0,40.42,1
0,0,154.5,0
0,140,2819.28,0
0,20,1172.34,0
0,0,1662.11,0
0,0,8.94,1
0,0,0,0
0,0,38.88,0
0,0,52.88,1
0,140,0,0
0,0,16.62,1
0,0,367.65,0
0,0,1656.55,0
6.41,0,1122.3,0
0,0,1940.4,1
0,0,482.4,0
0,140,824.38,1
0,0,0,0
0,10,164.55,0
0,0,2757.6,0
0,0,625.44,0
0,0,429.6,1
0,0,1368.69,1
0,0,0,0
0,0,3433.68,0
0,0,400.52,0
0,0,1772.25,0
0,0,531.24,0
0,0,1978.6,0
0,0,2114.56,0
0,0,156.74,0
0,10,96.5,0
0,0,155.15,0
0,0,987.16,0
0,0,433.84,0
0,0,36.18,0
0,0,0,0
0,0,122.01,1
4.48,0,0,1
0,0,95.94,1
0,30,0,0
0,140,2457,0
0,30,115.72,1
0,0,151.8,0
0,0,325.47,0
0,0,129.2,0
0,0,65.28,0
0,0,5.92,1
0,0,0,0
0,0,42.5,1
0,0,14.52,0
0,0,783.64,0
0,0,1703.52,0
0,0,0,1
0,70,0,1
0,0,963.24,0
25.84,40,0,0
0,0,1920.89,0
0,0,1655.64,0
0,0,1123.32,0
0,0,274.06,0
0,0,9.87,0
19.25,0,35.84,0
0,0,792.98,0
0,0,2929.05,0
0,0,2491.45,0
0,0,48.1,1
0,0,0,0
0,0,337.96,0
0,0,1014.42,1
0,0,2100,0
0,0,2651.04,0
0,0,737,0
0,0,349.14,0
0,0,1099.56,1
0,0,2358,0
0,10,496.08,0
0,0,462.65,0
0,0,1997.8,0
36.07,0,1226.02,0
0,0,2114.38,0
0,0,1285.57,1
20.16,0,0,1
0,0,0,1
0,0,993.8,1
0,0,493.68,0
0,0,259.21,0
14.22,0,1571.17,1
0,0,26.16,1
0,0,39.82,1
0,0,126.5,1
0,0,27.2,1
9.99,0,2426.07,0
0,0,2152.15,0
0,0,0,1
0,50,16.65,0
0,0,506.5,0
0,0,2786.9,0
0,0,0,0
0,0,0,0
0,0,0,0
0,0,996.93,0
0,0,2500.44,0
0,0,667.45,1
0,0,1471.88,0
0,0,1782.9,0
0,0,3413.68,0
0,0,594.24,1
0,0,0,1
0,0,14.28,0
0,0,3257.88,0
0,0,2462.57,0
0,0,372.96,0
0,0,28.04,1
0,0,2148.66,0
0,40,1211.04,0
0,0,120.8,0
0,0,598.8,0
34.69,0,220.3,1
0,0,356.07,0
0,0,1657.44,0
0,0,316.05,1
0,0,493.52,0
0,0,6.19,1
0,0,1473.22,1
0,0,249.12,1
0,0,118.44,1
0,0,84.12,0
0,0,0,0
0,0,912.5,1
0,0,2261.85,0
0,0,1081.74,0
0,0,198,0
0,0,326.23,1
0,0,93.38,0
0,0,30.62,1
0,0,2057.34,0
0,0,825.84,0
37.64,0,1054.09,0
0,0,451.64,0
0,0,105.54,1
0,0,765.6,0
0,0,514.32,0
45.37,0,211.45,1
22.97,0,0,0
0,0,1764.1,0
0,0,202.44,1
0,0,201.6,1
0,0,311.76,0
0,0,287.7,0
0,0,836.4,0
0,0,985.49,0
22.4,0,0,0
0,0,22.03,1
0,0,181.35,0
0,0,643.26,0
0,0,640.11,0
0,0,0,0
0,0,1255.58,0
0,0,183.36,0
0,0,146.56,0
0,0,86.94,1
0,0,895.39,0
0,0,552.72,0
0,0,1422.4,0
0,0,179.25,0
0,0,1162.8,0
0,0,2601.36,0
0,0,1292.4,0
0,0,309.43,0
0,60,0,0
0,0,2060.25,1
15.02,0,82.88,0
0,0,397.12,0
0,0,175.46,0
0,0,1372.06,0
0,0,194.04,0
0,0,319.36,0
0,0,106.29,1
0,0,179.48,0
0,0,762.96,0
0,0,67.9,1
0,0,46.21,1
0,0,364.65,0
0,0,392.47,0
0,0,214.05,0
0,0,1177.71,0
0,0,36.92,1
0,0,725.04,1
0,0,7.99,1
0,0,2006.05,1
0,0,0,0
0,0,581.79,0
0,10,0,1
0,80,1308.3,1
0,0,0,0
0,0,563.08,0
0,0,150.28,0
0,0,103.95,0
0,0,366.4,0
0,0,962,0
0,0,784.98,0
0,50,186.3,0
43.95,50,2160.9,0
0,0,1952.24,0
0,20,1042.47,0
47.73,0,0,0
0,0,1482.56,0
0,0,0,1
0,100,1856,1
0,0,475.68,0
0,30,71.01,0
0,0,1278.2,0
0,80,24.45,0
0,0,659.26,0
0,0,1191.5,1
0,0,31.58,1
0,0,554.06,0
0,0,358.14,1
0,0,524.37,0
0,0,39.58,1
15.41,0,1416.3,0
0,0,1057.44,0
0,0,0,0
0,0,1167.54,0
0,0,517.58,1
0,0,1.91,1
0,70,856.05,0
0,0,131.1,0
0,0,5.1,1
0,0,1808.55,0
0,0,569.04,0
0,0,197.46,0
0,0,0,0
0,40,3332.58,0
0,0,562.56,0
0,30,2325.78,0
39.93,0,57.36,0
0,0,36.55,1
23.79,0,459.08,0
0,0,939.96,0
0,20,1290.3,1
11,0,158.44,1
0,50,672.14,0
0,0,440.82,1
0,0,394.8,0
0,0,1792.08,0
0,130,2300.06,1
0,0,149.16,0
0,0,15.92,1
0,10,990,0
0,0,0,0
0,0,681.24,1
1.99,0,900.86,0
0,0,1089.76,1
0,0,701.48,0
0,0,1487.64,0
0,0,290.99,0
0,0,20.57,0
0,0,553.84,1
0,0,323.2,1
0,0,0,0
0,0,2960.37,0
0,0,1927.2,0
0,50,1719.26,1
0,0,61.35,1
0,0,2189,0
4.68,0,291.4,0
0,0,127.82,1
0,0,438.88,0
0,0,439.6,0
0,0,2180.5,0
0,40,1418.39,0
0,0,435.84,0
0,0,547.8,0
0,0,0,0
0,0,0,1
0,20,0,0
2.81,0,996.2,0
0,0,901.94,1
0,0,0,0
0,0,71.3,1
0,0,558.14,0
0,0,2792.88,0
0,0,409.5,0
0,0,0,0
15.31,0,2091.32,0
0,0,1154.46,0
0,0,1109.97,0
35.23,0,98.4,0
0,0,1859.04,0
0,30,1292.13,0
0,0,606.35,0
0,0,429.8,0
0,0,1891.75,0
0,0,2104.2,0
0,0,2293.41,0
0,0,133.92,0
5.47,0,0,0
0,0,121.2,0
0,0,1974.42,0
0,0,0,0
40.79,90,834.75,0
0,0,504.26,0
0,0,795.06,0
0,0,1421.91,0
0,0,583.28,0
0,0,870.22,0
0,0,567.28,0
0,0,1691.88,1
0,0,1648.85,0
0,0,16.66,1
0,0,2287.41,1
0,0,9.81,1
32.55,0,1056.4,0
0,0,96.03,1
0,0,1579.4,1
0,0,208.08,0
0,0,239.55,0
0,0,0,0
0,20,2071.3,1
0,0,2515.03,1
0,0,164.92,0
0,0,1690.65,0
0,0,158.61,0
0,0,429.3,0
0,0,221.26,1
0,0,1130.92,0
0,0,0,1
0,0,1551.81,0
0,0,387.84,0
0,0,635.04,0
0,0,580.58,1
0,0,1278.72,0
0,0,2050.3,0
0,0,835.05,1
0,0,74.2,0
0,0,69.84,0
0,0,2671.92,0
0,0,965.47,0
0,0,486.2,0
0,0,357.93,0
0,0,300.44,1
0,0,808.08,0
0,0,0,0
3.26,10,1260.04,0
0,110,2335.9,0
0,0,2577.92,0
0,0,365.1,0
0,0,34.4,1
0,0,37.83,1
0,0,395.2,0
0,0,219.78,0
1.66,0,1459.68,0
0,0,1058.61,0
0,0,87.24,1
0,0,1194.24,1
0,0,768.5,0
0,0,8.35,1
0,0,2580.91,0
0,0,21.6,0
0,0,813.4,0
0,0,122.1,1
0,90,32.76,1
18.89,0,785.2,0
0,0,2997.6,0
0,0,1075.68,0
0,0,14.78,1
0,0,1290.8,0
0,0,0,0
0,30,480.6,1
0,110,1289.6,0
0,0,2713.1,0
0,0,1942.56,0
0,0,1508.63,0
0,0,244.3,0
0,0,1539.36,0
0,0,94.85,0
0,0,2723.28,0
0,0,434.93,0
0,0,39.92,1
0,0,287.21,0
0,0,1008.59,0
0,0,114.2,1
0,0,929.5,0
0,0,0,0
0,0,223.25,0
0,0,840.75,1
0,0,2521.8,0
0,60,2700.6,0
0,0,826.56,0
0,10,100.17,1
0,0,466.2,0
0,0,4.02,1
0,0,35.01,1
0,0,310.67,0
0,20,2236.52,1
0,0,2865.8,0
0,0,0,0
0,120,31.8,0
0,0,0,0
0,0,186.62,0
0,0,360,0
0,0,180.4,0
0,0,2829.6,0
0,0,364.72,1
0,0,529.97,0
0,0,2931.81,0
0,0,22.86,1
0,0,977.6,0
0,0,1569.75,1
0,0,389.2,0
0,0,2471.58,1
0,0,2722.2,1
0,0,1220.18,0
0,0,61.46,1
36.38,80,2421.6,0
0,0,235.29,0
0,0,256.9,0
0,0,70.8,0
0,0,294.42,0
0,0,3360.56,0
0,0,542.2,1
0,0,131.82,1
0,0,2544.3,0
0,0,2160.95,0
0,0,1414.08,0
0,0,262.8,0
0,0,95.25,0
0,0,1353.2,0
0,0,928.87,0
35.01,0,1273.44,0
0,150,415.09,0
0,0,224.64,0
0,0,1854.02,0
0,0,694.66,0
0,0,737.1,0
0,120,729.05,1
0,0,0,0
0,0,479.06,1
0,130,3263.04,0
0,0,1375.66,0
0,0,127.65,0
30.75,0,24.12,0
0,130,1528.12,0
0,0,722.19,0
0,0,669.63,0
0,0,215.73,0
0,0,1011.96,0
0,0,113.31,0
0,0,3119.9,0
0,0,2698.92,1
0,0,281.76,0
0,0,1299.52,0
0,0,1214.85,1
0,0,194.26,0
0,0,2971.98,0
0,50,0,0
0,0,592.68,0
0,0,0,0
0,0,904.56,1
0,0,2179.1,0
0,0,3049.92,0
0,0,687.6,1
0,0,157.44,1
0,0,185.44,0
0,100,0,0
0,0,138.3,0
0,0,2068.3,0
0,0,1155.6,0
0,0,1303,0
0,0,540.96,0
0,0,655.35,0
0,0,445.12,0
0,0,866.6,0
0,0,755.82,0
0,0,0,0
0,0,951.72,1
0,0,1776.06,0
0,0,6.89,1
0,0,150.1,0
0,0,2141.71,1
0,0,359.55,0
0,0,1890.6,0
0,10,247,0
0,0,764.32,0
0,0,568.48,0
0,0,1073.28,0
0,0,1934.64,0
0,60,767.58,0
0,0,0,1
0,0,1724.57,1
5.73,0,1352,0
0,0,2594.4,0
0,0,281.68,0
0,0,749.49,1
0,0,76.5,0
0,0,203.52,0
0,0,1067.08,0
0,0,739.75,0
0,0,27.58,1
29.84,140,339.43,1
0,30,107.07,0
0,0,916.22,0
0,90,1165.8,0
0,0,1504.49,0
45.54,0,2353.06,0
0,0,795.3,0
30.45,0,533.52,0
0,0,316.24,0
0,0,740.52,0
0,0,1149.12,0
0,0,2330.64,0
0,0,541.75,0
0,0,0,0
0,0,1024.1,0
0,0,36.44,1
0,30,1775.68,0
0,80,1799.2,0
0,0,1239.94,0
0,0,0,0
0,0,44.1,0
0,0,97.32,1
0,0,915.6,0
0,0,29.68,1
0,0,268.62,0
0,30,382.2,0
0,0,402.2,1
0,0,17.35,1
0,0,1620.73,0
0,0,1069.68,0
0,0,37.58,1
0,0,159.56,0
0,0,789.48,0
0,0,196.56,1
0,0,476.14,0
0,0,1118.25,0
49.22,0,0,0
0,0,410.52,0
0,0,351.84,1
0,0,90.82,1
0,0,29.33,1
0,0,454.86,1
0,0,632.28,0
0,10,0,1
0,0,0,0
0,0,2233.29,0
0,0,2520.15,0
0,0,791.01,1
0,0,301,1
0,0,9.73,1
0,0,885.72,0
0,0,28.7,1
0,0,183.37,0
0,0,114.25,0
0,0,34.56,0
0,0,115.94,0
0,0,1848,0
0,0,268.18,1
0,0,7.15,1
0,0,20.93,0
0,0,132,0
0,0,1145.95,1
0,0,435.54,0
0,0,0,0
0,0,1420.8,0
0,60,15.44,1
0,0,22.52,1
0,0,1523.37,0
0,0,626.52,0
0,0,596.88,0
0,0,686.7,0
0,0,82.36,1
0,20,408.96,1
0,0,385.6,0
0,0,222.88,0
0,0,245.96,1
0,0,0,0
0,0,96.48,0
0,0,0,0
0,0,231,0
0,0,1045.01,0
0,0,561.09,0
0,0,137.6,0
0,0,0,0
9.39,0,0,0
0,0,1421.91,0
0,0,54.74,0
0,0,277.13,0
0,0,25.44,0
0,0,253.92,0
0,0,24.24,1
0,0,452.88,0
0,0,61.02,0
0,0,326.23,0
0,0,87.33,0
0,0,27.46,1
0,0,80.13,1
0,0,0,1
5.01,0,625.24,0
0,0,238.59,1
0,0,0,0
0,0,140.36,0
0,0,2029.18,0
0,0,1628.64,0
0,0,779.22,0
0,0,334,0
0,0,3234.24,0
0,0,342.9,1
0,0,126.7,1
0,0,1326.96,0
0,0,0,0
0,0,1048.08,0
0,0,1228.8,0
0,0,277.2,0
0,50,287.96,0
0,0,15.73,1
0,0,73.02,0
0,60,1026.72,0
0,0,1240.8,0
0,0,1816.23,0
0,90,1064,0
0,0,713.55,1
12.19,0,1838.25,0
0,0,3401.28,0
0,0,521.92,0
0,0,255.46,0
0,0,0,1
0,0,985.2,0
0,0,2141.36,0
0,0,623.7,0
0,0,946,1
0,0,800.4,0
0,0,2199.12,1
0,0,1438.93,0
0,140,1692.91,1
0,10,173.28,1
0,0,0,0
0,0,740.43,0
0,0,24.48,1
0,0,390.8,1
49.51,30,77.47,0
0,0,1466.48,0
0,0,3492.72,0
0,0,417.92,1
0,40,22.3,1
0,0,55.44,0
0,0,101.64,1
45.69,0,25.05,0
0,20,0,1
0,0,2045,0
0,0,178,0
0,0,536.52,1
0,0,769.08,0
0,0,2089.62,0
0,0,671.08,1
0,0,1644.93,0
0,0,15.28,1
0,0,954.36,1
27.3,0,766.92,1
0,0,160.6,1
0,0,565.74,1
0,0,2079,0
0,0,11.16,1
0,0,32.45,1
0,0,1193.13,0
0,0,321,0
42.34,0,3340.4,0
8.53,0,339.69,0
0,0,847.2,0
0,0,2962.08,0
0,0,535.16,0
0,0,1031.56,0
0,0,90.75,1
0,0,3303.63,0
0,0,13.72,1
0,0,51.48,1
0,0,379.89,0
0,0,146.52,1
0,0,295.2,1
0,0,21.72,1
0,0,0,0
0,0,965.79,0
0,0,191.64,0
0,120,0,0
0,0,1479.36,0
0,0,2685.93,0
0,0,3357.36,0
0,0,179.52,1
0,0,292.05,0
0,0,119.4,0
0,0,854.04,0
0,50,0,1
0,0,0,1
0,0,414.48,1
0,0,864.36,0
0,0,39.6,1
21.71,0,646.8,0
0,0,47.81,0
0,0,653.4,1
0,0,2809.53,0
0,0,67.68,0
0,0,0,0
0,150,1313.7,0
0,0,182.63,1
0,0,1516.32,0
0,0,1957.9,0
0,20,86.9,1
0,0,2635.92,0
0,0,2264.22,0
0,0,368.28,0
0,0,778.87,0
0,0,653.6,0
0,0,218.5,1
0,0,468.3,0
0,0,10.08,1
0,0,819.09,0
0,0,883.82,0
0,0,8.77,1
0,70,3187.44,0
0,100,1447.68,0
0,0,174,0
0,0,953.55,1
0,0,65.11,0
0,0,207.24,0
0,0,1528.88,0
34.59,0,882.36,0
0,0,791.43,0
0,10,90.42,1
0,0,387.12,0
0,0,1470.24,0
0,0,3430.72,0
0,0,1704.96,0
0,0,111.83,0
0,0,57.7,1
0,0,2193.88,0
0,0,548.06,1
0,0,444.43,0
0,0,303.77,0
0,0,430.1,1
0,0,1479.2,0
0,0,1383.79,0
0,0,775.92,0
0,0,667.16,0
0,0,1149.6,1
3.59,0,1667.73,0
0,0,0,1
23.01,0,391.5,0
0,0,394.47,0
0,0,0,0
0,10,0,1
0,0,710.05,0
0,0,0,0
0,0,296.7,0
0,0,1122.6,0
40.41,0,0,0
0,0,1520.75,0
0,0,0,0
0,90,0,1
0,20,11.7,1
0,0,1551.66,1
0,0,1349.28,0
0,0,83.5,0
0,0,28.25,1
0,80,1412.82,0
0,0,0,0
0,0,287.37,1
0,0,1586.52,0
0,0,295.8,0
0,0,422.55,0
0,0,203.4,1
49.23,0,0,0
0,0,0,0
0,0,192.84,1
0,0,123.8,1
0,0,41.58,0
0,0,2058.75,0
40.46,0,1485.96,0
0,0,0,0
0,0,268.32,0
0,0,518.14,0
0,0,243.27,0
0,0,204.48,0
0,0,0,1
0,150,971.98,0
0,0,310.42,1
0,0,559.2,0
0,0,1498,0
0,50,0,0
0,0,82.74,1
0,0,509.88,0
0,100,580.23,0
0,0,1632.68,0
0,0,2590.86,0
21.72,40,538.65,1
0,0,439.2,1
0,100,1628.7,0
0,0,48.25,1
0,0,509.85,0
0,0,99.62,1
0,0,90.8,1
0,0,330.46,0
0,0,552.92,0
0,0,77.02,1
0,0,625.95,0
0,0,0,0
0,0,1087.46,1
0,0,59.62,1
0,0,0,1
0,0,642.39,0
0,0,107.1,0
0,110,225,0
0,0,2352.24,0
0,0,2656.71,0
0,0,424.5,1
0,0,1460.71,0
0,0,890.32,0
0,0,3244.81,0
0,0,3319.2,0
0,0,109.48,0
0,0,398.1,0
0,0,578.91,0
0,0,120.28,0
0,0,2320.45,0
0,0,635.4,1
0,0,655.69,0
0,0,226.32,0
0,0,0,0
0,0,1280.84,0
0,0,258.44,0
28.42,0,180.48,0
0,10,290.64,0
0,0,22.33,0
0,0,41.6,0
0,10,33.46,1
0,0,0,0
0,0,640.48,0
0,0,909.36,0
0,0,211.14,0
0,40,2985.52,0
0,0,964.75,0
0,0,459.45,0
0,0,423.28,0
0,0,227.8,0
0,0,1517.6,0
0,0,1755.98,1
0,0,0,1
0,0,98.28,1
0,30,90.63,1
0,0,602,0
22.53,150,0,0
35.05,0,1165.23,1
0,0,500.4,0
43.38,0,311.55,0
29.59,0,69.93,0
0,0,1794.4,1
0,130,0,0
32.59,0,223.2,0
0,0,339.8,0
0,0,335.44,0
0,0,165.24,0
0,0,190.26,1
0,0,1174.55,0
0,0,3168,0
0,0,1787.94,0
0,0,782.08,0
0,0,108.16,0
0,0,579.6,0
0,0,927.5,0
0,0,1311.12,0
30.26,0,707.04,0
0,0,0,0
0,0,14.17,1
0,0,185.22,0
0,0,490.95,0
0,70,316.72,0
33.07,0,277.56,0
28.83,0,867.3,0
0,0,1370.82,0
0,0,2447.55,0
0,0,871.17,0
0,0,186.15,0
0,10,22.5,1
0,0,104.6,0
0,0,614.55,0
0,0,354.04,0
0,10,0,1
42.29,0,2651.04,0
0,0,1611.5,0
0,0,2904.66,0
0,0,1931.6,0
30.46,140,1455.3,1
0,0,450.12,0
0,0,2254.32,0
0,0,1164,0
0,0,2466.75,0
0,0,0,1
0,0,215.28,0
0,0,887.04,0
0,120,0,0
0,0,35.28,1
0,0,2126.52,0
0,0,672.21,0
0,0,406.8,0
0,0,0,0
0,0,197.7,0
0,0,2116.31,0
0,0,0,0
8.5,0,2041.04,0
0,0,18.2,1
0,0,1003.32,0
0,0,22.48,1
0,0,116.19,1
0,0,420.75,0
0,0,920.96,0
0,0,7.23,1
0,0,841.59,1
0,140,327.04,1
0,0,1184.95,0
0,0,277.61,0
0,0,0,1
0,0,494.4,0
0,0,0,0
0,0,0,0
0,0,0,0
46.26,0,1620.5,0
0,0,26.37,1
0,0,205.11,0
0,0,157.1,0
0,0,202.2,0
0,0,346.19,0
0,0,511.39,0
0,0,2646.16,0
0,10,52.94,1
0,0,3398.06,0
0,0,330.02,0
44.9,0,35.5,0
0,0,1491.48,0
0,0,126.44,1
0,0,603.36,0
0,0,240.8,0
21.53,0,173.04,0
0,0,636.44,0
0,0,1086.48,0
0,0,0,0
0,0,619.99,0
0,0,0,0
0,0,1296.75,1
0,0,405.26,1
0,0,332.46,0
0,0,1573.2,0
0,0,96.48,0
0,0,282.24,1
0,0,1981.28,0
0,0,1787.03,0
0,0,52.35,0
0,0,43.24,0
0,140,1980.72,0
0,0,442.33,0
0,70,166.26,0
0,0,107.44,0
0,0,338.91,0
0,0,16.15,1
0,0,530,0
0,0,2058.48,0
0,0,425.52,1
0,0,0,0
0,0,337.12,0
0,0,145.73,0
0,0,0,0
0,0,1522.08,0
0,0,1469.82,0
0,0,1432.2,1
0,0,303.27,1
0,0,729.84,0
0,0,810.96,0
0,0,1852.9,0
0,0,725.88,1
0,0,0,0
0,0,847.84,1
0,120,558.96,1
0,0,10.22,1
0,0,871.1,0
0,0,127.38,1
0,0,178.92,0
0,60,133.03,0
0,80,0,0
0,0,1172.6,0
0,0,107.28,0
0,0,123.84,0
0,0,1518.22,1
0,0,2491.39,0
0,10,646.75,0
0,0,0,0
0,80,114.96,0
0,0,0,1
26.87,0,336,0
21.6,40,1576.08,0
0,50,992.2,0
17.33,0,75.05,0
0,100,3205.05,0
0,0,131.88,0
0,0,529.2,0
0,0,154.6,0
0,0,1948.05,0
10.7,0,886.2,0
0,0,177.1,0
0,0,520.8,0
0,0,680.67,0
0,0,1370.88,0
4.08,0,0,0
0,0,75.1,1
0,0,883.2,0
0,0,790.23,0
0,0,455.6,0
0,0,159.6,1
0,0,2935.14,0
0,0,553.74,0
0,0,1242.7,0
0,0,955.44,0
0,0,1580.51,0
0,0,187.32,0
47.2,0,513.76,1
0,0,1919.13,0
0,20,219.95,0
0,0,285.6,1
0,0,145.02,1
0,0,0,0
0,0,243.6,0
0,0,455,0
0,0,3443.04,0
0,0,127.68,0
0,100,516.78,1
0,0,2258.48,0
0,0,366.39,0
0,0,588,0
0,0,993.99,1
0,0,56.43,0
0,0,23.7,1
17.88,0,1079.68,1
0,0,0,0
0,0,904.95,0
0,0,80.1,0
0,0,64.33,0
30.22,0,782.93,0
0,0,13.27,1
0,0,3328.56,0
0,10,150.8,0
0,0,0,0
0,0,128.66,0
0,0,0,0
0,10,210.42,0
0,140,595.12,1
0,0,1271.69,0
0,0,0,0
0,0,510.5,0
0,0,6.08,1
0,0,928.53,0
0,0,2455.14,0
0,0,541.8,0
0,0,1139.04,0
0,10,410.2,1
0,0,248.76,0
0,0,1682.55,0
0,0,945.92,0
0,0,0,1
0,0,951.68,0
0,0,0,0
0,0,2239.96,0
0,20,42.44,1
0,0,67.68,1
0,0,14.02,1
0,150,1343.75,1
0,0,34.51,1
0,90,3366.68,0
0,0,174.9,0
0,0,17.54,1
0,0,339.24,0
0,0,1428.84,1
0,0,568.5,0
0,0,126.88,0
0,0,375.1,0
0,20,785.06,1
0,0,727.02,1
34.16,0,2002.55,0
0,0,1296.42,0
0,0,1296.62,0
0,0,40.52,0
0,0,443.25,0
0,0,248.39,0
0,0,0,0
0,0,33.52,1
0,0,3272.67,0
0,0,22.95,1
0,0,823.68,0
0,0,369.32,0
0,0,1610.25,0
0,0,102.7,0
0,0,2852.36,0
0,0,933.4,1
0,0,191,0
0,0,169.76,1
0,140,3008.94,1
0,0,0,0
0,0,1411.2,0
0,0,87.28,0
26.84,0,561.45,0
0,0,582.4,0
35.61,0,1754.84,0
0,0,1122.33,0
0,0,757.77,0
0,0,694.83,0
0,50,1239.12,0
0,0,3042.2,0
0,0,39.88,1
0,0,369.85,0
0,0,1134,0
0,0,215.7,0
0,0,1299.35,0
0,0,697.14,0
0,0,93.86,1
0,0,1176.96,0
0,0,1106.25,0
0,0,678.75,1
0,0,2199.05,0
0,0,1766.88,0
0,0,138.4,0
0,0,23.66,0
0,0,1686.96,0
0,0,1863.36,0
0,0,643.2,0
0,0,1367.47,0
0,0,252.98,1
0,0,594.66,0
47.02,0,1178.4,0
0,0,396.72,0
0,0,0,0
0,0,396.64,0
0,0,1019.92,0
0,0,42.3,1
0,0,1855.44,1
0,0,0,0
0,10,89.6,0
0,0,2182.86,0
10.65,0,1684.16,0
42.89,0,114.1,0
0,100,1274.28,0
0,0,2719.9,0
0,0,257.92,0
20.87,0,1863.4,0
0,0,1772.46,0
0,0,5.43,1
0,0,1195.1,0
0,0,2431.87,1
0,0,529.44,0
0,0,145.65,1
47.73,0,314.34,0
0,0,1757.63,1
0,0,72,1
41.21,0,0,0
0,0,1258.32,0
0,0,0,1
0,0,1857.44,0
0,0,509.49,0
0,150,1981.98,1
0,0,805.46,0
0,0,437.49,0
0,0,1410.36,1
0,0,853.2,0
0,0,57.72,1
0,0,28.46,1
0,0,0,0
0,0,3392.04,0
0,0,0,0
0,70,2847.15,0
0,0,0,1
0,110,2063.4,1
0,0,435.68,0
16.12,0,2283.36,0
0,0,378,0
0,0,660.4,0
43.12,0,2490.8,0
0,0,184.32,0
0,0,1459.44,0
18.39,0,1866.09,0
0,0,0,0
0,0,140,0
0,0,111.98,1
0,40,1064.3,0
0,40,2958.68,0
0,0,70.38,0
32.46,0,62.44,1
0,0,2418.93,0
0,150,385.7,0
0,0,2383.95,0
0,0,546.81,0
0,0,79.36,0
0,0,1198.77,1
0,0,1099.83,0
0,0,0,1
0,0,0,1
0,0,1689.48,0
0,100,0,0
0,0,44.28,0
44.86,0,291.98,0
0,0,65,0
0,0,950.77,0
0,0,56.7,0
0,0,412.47,0
0,0,1651.44,0
0,0,461.5,1
0,0,242.45,0
0,0,0,1
0,0,0,0
0,0,0,0
0,0,3162.9,0
0,0,616.93,0
0,0,1129.14,1
16.26,0,987.84,0
0,0,3390.8,0
0,0,926.52,0
0,0,2598.6,0
0,0,26,0
0,0,110.28,1
19.89,0,2401.98,0
0,0,0,0
0,0,3449.89,0
0,0,1888.48,1
0,0,565.92,0
0,0,90.09,0
0,0,298.8,0
0,0,377.28,1
0,0,2371.85,0
0,0,219.44,0
0,0,117.45,0
0,0,378,0
0,0,6.9,1
0,0,150,0
0,0,0,0
0,0,1976.48,0
0,0,2068.8,0
29.32,0,537.36,0
0,0,0,0
0,0,214.2,0
0,0,736.8,0
44.58,80,343.56,1
0,0,68.31,1
0,0,40.16,1
0,0,221.04,1
0,0,3156.48,0
0,0,489,0
36.78,0,1893.82,0
35.82,110,1074.24,1
0,0,2154.7,0
0,0,39.79,1
0,0,87.87,1
0,0,19.52,1
0,0,1043.91,0
0,0,592.8,1
0,0,1102.2,0
0,0,0,0
0,130,884.4,0
28.08,0,58.5,0
0,0,1741.68,0
0,30,699.66,1
0,0,1152.84,0
0,0,477.84,0
0,0,528.96,0
0,0,176.5,1
0,0,1627.68,1
0,0,166.14,0
0,0,1436.08,0
0,0,799.11,0
0,10,510.2,0
0,10,122.37,1
0,0,487.24,0
0,0,439.49,0
0,0,1566.61,0
0,0,0,0
0,0,1695.92,0
0,0,446.2,0
0,0,242.62,1
0,0,1470.7,0
0,0,249.73,0
0,0,2284.08,0
0,0,591.8,0
0,0,305.97,0
0,0,0,0
0,0,3234.03,0
0,0,0,0
1.31,0,468.09,0
0,0,1407.6,0
0,50,65.72,1
0,0,0,1
23.33,0,909,1
0,0,1441.86,0
0,0,123.5,0
0,0,332.46,0
0,0,1379.72,0
0,0,493.32,0
0,0,2283.27,1
0,40,1387.84,0
0,0,403.85,0
0,0,1187.76,0
0,0,2404.26,0
0,0,1252.44,0
0,140,549.08,0
0,0,25.56,0
0,0,805.69,0
0,0,150.01,1
0,0,170.84,1
0,0,644.48,0
0,0,75.25,0
0,70,239.22,0
23.67,0,2571.52,0
0,0,1270.9,0
0,0,878.56,1
0,0,959.79,0
0,0,268.83,0
0,0,0,1
0,0,351.52,0
0,0,147.84,0
0,0,1621.08,0
2.97,0,605.15,0
0,80,1306.8,0
0,40,0,0
23.47,0,397.32,0
0,0,1485,0
0,10,32.13,1
0,0,262.8,1
0,0,93.45,1
0,0,315.91,0
0,0,2391.99,0
0,0,69.44,0
0,0,91.68,0
0,0,1021.68,0
14.76,0,384.54,0
0,0,1030.38,0
0,0,627.2,0
0,0,819.72,0
0,0,989.04,0
2.21,0,1715.85,0
0,0,2269.96,1
0,0,250.58,0
27.79,20,1708.8,0
0,140,0,1
0,0,29.85,1
0,0,853.44,0
0,0,0,0
0,0,2851.92,0
0,0,1537.36,0
0,0,2193.1,0
0,0,120.4,0
0,0,1756.8,0
0,0,1706.4,0
0,0,2678.4,0
0,0,0,0
0,0,1292.16,0
0,0,2243.31,0
0,50,2523.96,1
0,0,1755.45,0
0,0,2843.16,0
0,0,95.64,0
0,0,1647.36,0
0,0,104.72,0
0,0,481.05,0
0,10,101,1
0,0,298.76,0
0,0,1118.49,0
0,0,1471.5,1
0,0,811.92,1
0,0,2919.32,0
0,0,609.9,1
0,0,185.7,0
0,0,2394.24,0
0,0,196.56,0
0,0,10.41,1
0,0,2337.84,0
0,0,774.84,0
0,10,22.86,0
0,0,332.35,0
0,0,1392.3,0
0,0,955.52,0
34.47,150,913.15,0
0,0,628.42,0
0,80,0,0
0,0,1292.13,1
0,0,80.04,0
0,0,656.88,0
0,0,443.8,0
0,0,1210.16,0
0,60,422.4,0
0,0,916.52,0
0,0,1855.66,1
0,0,373.6,1
0,0,399.62,1
0,0,2316.63,0
0,0,22.92,1
0,0,1805.5,0
0,0,321.12,1
0,0,622.63,1
0,0,60.83,1
0,0,413.28,0
0,30,3092.04,0
0,40,0,0
0,0,0,1
0,0,482.48,0
4.76,70,462.6,0
0,0,1539.12,0
0,0,163.45,1
0,0,2695.83,0
0,0,1826.55,0
0,0,419.44,1
0,0,18.34,1
0,0,551.78,0
0,0,1193.76,0
0,0,0,1
0,0,642.72,0
0,40,308.75,0
0,0,233.46,0
0,0,147.72,1
0,0,0,0
0,0,18.24,1
0,0,0,1
0,10,3.84,1
1.27,0,1751.88,1
0,0,176.1,1
0,0,468.96,0
0,0,315.57,0
0,0,181.25,1
17.05,0,126.88,0
0,0,306.72,0
0,0,1404.88,1
0,0,8.64,1
0,0,42.9,0
0,0,156.45,0
0,0,213.72,0
0,0,782.34,0
0,0,0,0
0,0,30.52,1
0,0,37.96,1
0,0,0,0
0,0,599.64,1
0,0,61.1,0
0,0,3183.12,0
0,0,1751.04,0
0,0,21.85,1
0,0,3.13,1
0,0,106.62,1
0,0,1186.75,0
0,0,918.08,0
0,0,306.24,0
0,10,79.26,1
0,0,40.49,1
34.09,0,88.14,1
9.79,0,1813.8,0
39.15,0,181.02,0
0,0,195.03,0
0,0,2775.95,0
0,0,175.08,0
0,0,412.05,0
0,0,39,0
0,0,3323.52,0
0,0,1599.04,0
0,0,816.24,0
0,0,2230.15,0
0,0,1019.52,0
0,0,805.2,0
29.99,0,823.23,0
0,0,105.84,0
33.21,0,205.84,1
0,0,1095.27,1
0,0,177.32,0
0,0,0,0
0,40,138.06,0
0,0,2273.4,1
2.29,0,316.4,0
0,0,1244.16,0
0,0,0,0
0,0,6.9,0
0,0,1557.16,0
0,0,83.64,1
0,0,1788.22,0
0,0,321.54,0
0,0,2001.98,0
32.09,0,203.7,0
28.42,0,2518.5,0
0,0,21.91,1
48.66,0,593.55,0
0,0,203.68,0
0,0,2136.6,0
0,0,1417.92,1
0,0,1423.2,1
0,0,228.06,1
0,0,99.28,0
0,0,1014.9,0
0,0,24.12,0
46.81,0,2010.96,0
0,0,913.92,0
0,0,609.96,0
0,0,391.21,0
0,0,401.1,1
0,0,295.35,0
0,80,0,0
0,50,35.15,1
4.96,0,882.36,1
0,30,1300.59,0
0,0,1405,0
0,0,32.08,1
18.84,0,1442.35,0
0,0,214.27,1
0,0,2450.72,0
0,0,1478.88,0
0,0,121.76,1
0,0,722.24,1
0,0,757,0
42.43,0,954.46,0
0,40,1682.8,0
0,0,545.1,1
0,0,1685.6,0
0,0,1509.7,0
0,0,617.96,0
0,0,2767.1,0
0,80,2056.6,0
0,0,1121.76,0
16.58,0,179.2,0
0,0,400.26,1
0,0,245.7,1
0,0,179.8,0
0,60,493.24,0
0,0,248.16,0
0,0,1096.56,0
0,0,459.9,0
0,0,1508.38,0
0,0,1474.2,0
0,0,483.82,0
0,0,104.2,0
0,0,0,1
0,0,1278.13,0
0,0,1800.32,1
0,0,0,0
0,0,95.29,0
48.26,0,615.78,1
0,0,207,0
0,0,1794.6,0
0,0,819.78,0
0,0,1637.44,0
0,150,2837.12,0
0,0,79.24,1
0,0,210.78,0
16.56,0,657.12,0
0,0,165.36,0
0,0,374.7,0
0,0,208.03,0
0,0,206.72,1
0,0,2119.52,0
0,0,2338.56,0
0,0,2465.12,0
9.34,0,1298.12,0
0,0,78.78,1
0,0,360.4,0
0,0,0,0
0,0,710.26,0
0,0,656.82,0
0,0,306.74,0
0,0,0,0
0,0,1765.68,0
0,0,2134.52,1
0,0,315,1
0,0,222.75,1
0,0,1608.95,0
34.45,0,0,0
0,0,48.45,1
0,0,778.8,0
0,0,12.2,0
0,130,68.8,0
0,0,1985.75,0
0,0,262.25,0
0,0,1553.63,0
0,0,1486.48,0
0,0,229.95,0
0,0,767.52,0
0,0,150.4,0
0,0,1695.47,0
0,0,1298.88,0
0,0,208.2,0
0,0,1192.2,1
0,0,1257.8,0
0,0,1517.85,0
0,0,8.38,1
0,100,0,1
0,0,2284.78,0
0,0,378,0
0,80,0,0
0,0,2525.04,0
0,0,770.62,0
0,0,1343.52,0
39.29,0,228.48,1
0,0,1444.52,0
0,10,78.06,1
0,0,2610.3,0
0,0,0,0
0,0,933.98,0
0,0,61.75,0
0,0,157.38,0
0,0,258.9,0
0,110,2333.76,0
36.22,0,1830.5,0
0,0,0,0
0,0,1548.45,1
0,0,642.88,0
0,0,46,0
0,0,71.55,0
0,0,23.72,1
0,0,493.12,0
0,10,607.11,0
0,0,31.16,1
0,0,643.37,0
0,0,49.66,1
0,0,1370.07,0
47.55,0,2402.64,0
0,0,260.22,0
33.76,0,1225.43,0
0,0,431.93,0
0,0,225.5,0
0,0,0,0
0,30,0,0
0,0,1002.05,0
0,0,0,0
0,0,43,0
0,0,1440.27,0
0,150,385.84,0
0,0,158.72,1
0,0,1592.41,0
10.57,0,27.88,0
0,0,156,0
0,0,906.39,0
0,0,2106.65,0
0,0,1972.48,0
0,0,922.87,0
0,10,383.04,0
0,0,120.66,0
0,0,1729.21,0
0,0,1067.5,0
0,0,39.44,1
0,0,1286.64,0
0,0,97.02,0
0,0,1108.83,0
0,0,758.4,0
0,0,1601.82,0
0,0,0,0
0,0,340.24,0
0,0,0,0
0,0,1507.88,0
0,0,102.74,0
0,0,516.78,0
0,0,1354.86,1
0,0,27.6,0
0,0,344.35,0
0,0,45.5,1
0,0,217.12,0
0,100,883.96,1
0,0,1346.4,0
0,0,870.98,0
0,0,1696.45,1
0,0,1460.68,0
0,0,764.49,1
0,0,783.72,0
0,0,599.01,0
0,0,815.28,0
0,0,0,0
46.56,150,555.66,0
0,0,3225.42,1
0,0,95.64,1
45.46,0,303.96,0
0,0,0,0
0,10,38.4,1
0,0,0,0
0,20,658,0
0,0,361.67,0
6.49,0,377.86,0
0,0,12.06,1
0,0,440.47,0
0,0,1766.16,0
0,0,48.87,1
0,0,180.3,1
0,0,1957.34,1
0,0,727.65,0
0,0,1249.5,0
0,0,723.6,0
0,0,0,0
0,0,1712.55,1
0,0,2522.88,0
0,30,387.79,1
19.13,0,0,0
0,0,705.5,0
0,0,320.76,0
0,0,34.66,1
25.67,0,0,0
0,110,303,0
0,150,1145.5,0
0,140,0,0
0,0,92.56,1
0,0,1214.08,0
0,0,39.66,1
0,0,207.92,0
0,0,285.12,0
0,0,302.04,0
26.98,0,183.36,0
0,0,841.2,0
0,0,772.44,0
0,0,1245.6,0
0,0,509.91,0
0,0,2627.28,0
0,0,1092.52,0
0,0,0,0
0,0,123.16,0
31.39,0,600.3,0
0,0,526.68,0
0,0,1950,0
0,0,134.55,0
0,0,981.95,0
0,0,2635,0
16.36,0,1570.65,0
0,0,198,1
0,0,1185.28,0
0,0,142.86,1
9.36,40,1353.18,1
0,0,252.63,0
0,0,0,0
0,30,101.22,0
0,0,1041.57,0
10.2,0,887.67,1
0,0,90.36,1
0,0,608.57,0
0,0,2417.31,0
0,0,186.12,0
0,30,399.16,0
0,0,3266.25,0
0,0,716.52,0
0,0,2524.92,0
0,0,1434.24,0
0,0,352.82,0
0,0,255.43,0
0,0,8.04,1
0,0,606.84,0
0,0,142.04,0
0,0,0,0
